year,type,old_new,duration,ppd_type,price_value,value_type,lower_ci,upper_ci
1995,D,Y,F,A,103715,historical,,
1996,D,Y,F,A,108654,historical,,
1997,D,Y,F,A,114936,historical,,
1998,D,Y,F,A,122895,historical,,
1999,D,Y,F,A,135631,historical,,
2000,D,Y,F,A,150106,historical,,
2001,D,Y,F,A,166806,historical,,
2002,D,Y,F,A,192606,historical,,
2003,D,Y,F,A,221390,historical,,
2004,D,Y,F,A,250946,historical,,
2005,D,Y,F,A,274662,historical,,
2006,D,Y,F,A,291569,historical,,
2007,D,Y,F,A,313824,historical,,
2008,D,Y,F,A,305692,historical,,
2009,D,Y,F,A,282637,historical,,
2010,D,Y,F,A,292876,historical,,
2011,D,Y,F,A,292188,historical,,
2012,D,Y,F,A,304801,historical,,
2013,D,Y,F,A,314412,historical,,
2014,D,Y,F,A,328262,historical,,
2015,D,Y,F,A,346795,historical,,
2016,D,Y,F,A,362858,historical,,
2017,D,Y,F,A,370321,historical,,
2018,D,Y,F,A,370274,historical,,
2019,D,Y,F,A,375692,historical,,
2020,D,Y,F,A,382487,historical,,
2021,D,Y,F,A,402487,historical,,
2022,D,Y,F,A,424717,historical,,
2023,D,Y,F,A,442015,historical,,
2024,D,Y,F,A,439307,historical,,
2025,D,Y,F,A,504689,historical,,
2026,D,Y,F,A,533287,forecast,499525,567050
2027,D,Y,F,A,556044,forecast,499236,612851
2028,D,Y,F,A,577968,forecast,499312,656625
2029,D,Y,F,A,599092,forecast,498438,699745
2030,D,Y,F,A,619443,forecast,496326,742559
2008,D,Y,F,B,181996,historical,,
2009,D,Y,F,B,207976,historical,,
2010,D,Y,F,B,161484,historical,,
2011,D,Y,F,B,114992,historical,,
2012,D,Y,F,B,68500,historical,,
2013,D,Y,F,B,262621,historical,,
2014,D,Y,F,B,263002,historical,,
2015,D,Y,F,B,279098,historical,,
2016,D,Y,F,B,339962,historical,,
2017,D,Y,F,B,338801,historical,,
2018,D,Y,F,B,314081,historical,,
2019,D,Y,F,B,303563,historical,,
2020,D,Y,F,B,329951,historical,,
2021,D,Y,F,B,340248,historical,,
2022,D,Y,F,B,371527,historical,,
2023,D,Y,F,B,348869,historical,,
2024,D,Y,F,B,336697,historical,,
2025,D,Y,F,B,325596,historical,,
2026,D,Y,F,B,348493,forecast,300505,396482
2027,D,Y,F,B,347577,forecast,295294,399860
2028,D,Y,F,B,346661,forecast,288060,405262
2029,D,Y,F,B,345745,forecast,278887,412602
2030,D,Y,F,B,344828,forecast,267976,421681
1995,D,Y,L,A,89013,historical,,
1996,D,Y,L,A,93096,historical,,
1997,D,Y,L,A,94003,historical,,
1998,D,Y,L,A,96331,historical,,
1999,D,Y,L,A,104565,historical,,
2000,D,Y,L,A,112314,historical,,
2001,D,Y,L,A,128180,historical,,
2002,D,Y,L,A,143134,historical,,
2003,D,Y,L,A,168126,historical,,
2004,D,Y,L,A,207190,historical,,
2005,D,Y,L,A,234901,historical,,
2006,D,Y,L,A,239308,historical,,
2007,D,Y,L,A,249860,historical,,
2008,D,Y,L,A,251134,historical,,
2009,D,Y,L,A,237794,historical,,
2010,D,Y,L,A,242209,historical,,
2011,D,Y,L,A,239514,historical,,
2012,D,Y,L,A,243710,historical,,
2013,D,Y,L,A,245276,historical,,
2014,D,Y,L,A,250218,historical,,
2015,D,Y,L,A,261661,historical,,
2016,D,Y,L,A,280235,historical,,
2017,D,Y,L,A,288160,historical,,
2018,D,Y,L,A,293367,historical,,
2019,D,Y,L,A,351068,historical,,
2020,D,Y,L,A,460294,historical,,
2021,D,Y,L,A,323537,historical,,
2022,D,Y,L,A,279189,historical,,
2023,D,Y,L,A,332543,historical,,
2024,D,Y,L,A,309255,historical,,
2025,D,Y,L,A,305794,forecast,224379,387209
2026,D,Y,L,A,313163,forecast,191018,435309
2027,D,Y,L,A,313163,forecast,177268,449058
2028,D,Y,L,A,313163,forecast,164788,461539
2029,D,Y,L,A,313163,forecast,153278,473048
1995,D,N,F,A,106062,historical,,
1996,D,N,F,A,109245,historical,,
1997,D,N,F,A,120022,historical,,
1998,D,N,F,A,132263,historical,,
1999,D,N,F,A,145519,historical,,
2000,D,N,F,A,166053,historical,,
2001,D,N,F,A,183131,historical,,
2002,D,N,F,A,213378,historical,,
2003,D,N,F,A,246769,historical,,
2004,D,N,F,A,277029,historical,,
2005,D,N,F,A,297208,historical,,
2006,D,N,F,A,313919,historical,,
2007,D,N,F,A,341597,historical,,
2008,D,N,F,A,343116,historical,,
2009,D,N,F,A,314055,historical,,
2010,D,N,F,A,345667,historical,,
2011,D,N,F,A,338775,historical,,
2012,D,N,F,A,334395,historical,,
2013,D,N,F,A,341144,historical,,
2014,D,N,F,A,360714,historical,,
2015,D,N,F,A,375653,historical,,
2016,D,N,F,A,390185,historical,,
2017,D,N,F,A,407104,historical,,
2018,D,N,F,A,417905,historical,,
2019,D,N,F,A,423074,historical,,
2020,D,N,F,A,456703,historical,,
2021,D,N,F,A,496836,historical,,
2022,D,N,F,A,550087,historical,,
2023,D,N,F,A,541307,historical,,
2024,D,N,F,A,520583,historical,,
2025,D,N,F,A,486215,historical,,
2026,D,N,F,A,472720,forecast,430693,514746
2027,D,N,F,A,467507,forecast,390505,544509
2028,D,N,F,A,467507,forecast,359191,575824
2029,D,N,F,A,467507,forecast,335085,599930
2030,D,N,F,A,467507,forecast,314736,620278
1998,D,N,F,B,290000,historical,,
1999,D,N,F,B,203750,historical,,
2000,D,N,F,B,117500,historical,,
2001,D,N,F,B,242091,historical,,
2002,D,N,F,B,366682,historical,,
2003,D,N,F,B,631000,historical,,
2004,D,N,F,B,521667,historical,,
2005,D,N,F,B,436875,historical,,
2006,D,N,F,B,518317,historical,,
2007,D,N,F,B,339833,historical,,
2008,D,N,F,B,269167,historical,,
2009,D,N,F,B,266375,historical,,
2010,D,N,F,B,553750,historical,,
2011,D,N,F,B,188722,historical,,
2012,D,N,F,B,226520,historical,,
2013,D,N,F,B,340356,historical,,
2014,D,N,F,B,372165,historical,,
2015,D,N,F,B,400673,historical,,
2016,D,N,F,B,427623,historical,,
2017,D,N,F,B,457569,historical,,
2018,D,N,F,B,457311,historical,,
2019,D,N,F,B,441100,historical,,
2020,D,N,F,B,476004,historical,,
2021,D,N,F,B,535801,historical,,
2022,D,N,F,B,579014,historical,,
2023,D,N,F,B,535783,historical,,
2024,D,N,F,B,486472,historical,,
2025,D,N,F,B,373039,historical,,
2026,D,N,F,B,366009,forecast,14389,717630
2027,D,N,F,B,421191,forecast,-46147,888528
2028,D,N,F,B,434165,forecast,-49975,918304
2029,D,N,F,B,437338,forecast,-63088,937765
2030,D,N,F,B,438113,forecast,-79144,955371
1995,D,N,L,A,83034,historical,,
1996,D,N,L,A,87328,historical,,
1997,D,N,L,A,92880,historical,,
1998,D,N,L,A,100827,historical,,
1999,D,N,L,A,109348,historical,,
2000,D,N,L,A,114963,historical,,
2001,D,N,L,A,124988,historical,,
2002,D,N,L,A,147398,historical,,
2003,D,N,L,A,174001,historical,,
2004,D,N,L,A,203464,historical,,
2005,D,N,L,A,218699,historical,,
2006,D,N,L,A,231979,historical,,
2007,D,N,L,A,248491,historical,,
2008,D,N,L,A,246094,historical,,
2009,D,N,L,A,239725,historical,,
2010,D,N,L,A,300032,historical,,
2011,D,N,L,A,249774,historical,,
2012,D,N,L,A,232408,historical,,
2013,D,N,L,A,236142,historical,,
2014,D,N,L,A,251750,historical,,
2015,D,N,L,A,261254,historical,,
2016,D,N,L,A,272230,historical,,
2017,D,N,L,A,278585,historical,,
2018,D,N,L,A,292386,historical,,
2019,D,N,L,A,306067,historical,,
2020,D,N,L,A,315591,historical,,
2021,D,N,L,A,345170,historical,,
2022,D,N,L,A,371746,historical,,
2023,D,N,L,A,375137,historical,,
2024,D,N,L,A,380677,historical,,
2025,D,N,L,A,364544,historical,,
2026,D,N,L,A,365835,forecast,321963,409707
2027,D,N,L,A,366352,forecast,307501,425203
2028,D,N,L,A,367277,forecast,297946,436607
2029,D,N,L,A,367792,forecast,290712,444872
2030,D,N,L,A,368485,forecast,285049,451920
2009,D,N,L,B,163000,historical,,
2010,D,N,L,B,166000,historical,,
2011,D,N,L,B,169000,historical,,
2012,D,N,L,B,172000,historical,,
2013,D,N,L,B,277777,historical,,
2014,D,N,L,B,247809,historical,,
2015,D,N,L,B,242024,historical,,
2016,D,N,L,B,252993,historical,,
2017,D,N,L,B,274446,historical,,
2018,D,N,L,B,272337,historical,,
2019,D,N,L,B,279868,historical,,
2020,D,N,L,B,285987,historical,,
2021,D,N,L,B,349757,historical,,
2022,D,N,L,B,318344,historical,,
2023,D,N,L,B,391800,historical,,
2024,D,N,L,B,308087,historical,,
2025,D,N,L,B,394741,historical,,
2026,D,N,L,B,328035,forecast,263130,392940
2027,D,N,L,B,379416,forecast,314207,444625
2028,D,N,L,B,341560,forecast,259279,423842
2029,D,N,L,B,370705,forecast,286697,454713
2030,D,N,L,B,349223,forecast,255323,443122
1995,S,Y,F,A,59563,historical,,
1996,S,Y,F,A,61976,historical,,
1997,S,Y,F,A,66538,historical,,
1998,S,Y,F,A,72452,historical,,
1999,S,Y,F,A,80730,historical,,
2000,S,Y,F,A,91620,historical,,
2001,S,Y,F,A,106495,historical,,
2002,S,Y,F,A,129428,historical,,
2003,S,Y,F,A,154270,historical,,
2004,S,Y,F,A,175593,historical,,
2005,S,Y,F,A,186321,historical,,
2006,S,Y,F,A,198488,historical,,
2007,S,Y,F,A,208122,historical,,
2008,S,Y,F,A,201161,historical,,
2009,S,Y,F,A,190464,historical,,
2010,S,Y,F,A,196784,historical,,
2011,S,Y,F,A,196652,historical,,
2012,S,Y,F,A,204411,historical,,
2013,S,Y,F,A,214986,historical,,
2014,S,Y,F,A,221735,historical,,
2015,S,Y,F,A,232167,historical,,
2016,S,Y,F,A,244898,historical,,
2017,S,Y,F,A,258204,historical,,
2018,S,Y,F,A,259146,historical,,
2019,S,Y,F,A,263752,historical,,
2020,S,Y,F,A,276564,historical,,
2021,S,Y,F,A,284019,historical,,
2022,S,Y,F,A,302425,historical,,
2023,S,Y,F,A,310298,historical,,
2024,S,Y,F,A,309661,historical,,
2025,S,Y,F,A,342696,historical,,
2026,S,Y,F,A,364896,forecast,346461,383330
2027,S,Y,F,A,376306,forecast,340168,412443
2028,S,Y,F,A,393913,forecast,344680,443146
2029,S,Y,F,A,407961,forecast,343438,472484
2030,S,Y,F,A,424053,forecast,344476,503630
2000,S,Y,F,B,36400,historical,,
2001,S,Y,F,B,97600,historical,,
2002,S,Y,F,B,158800,historical,,
2003,S,Y,F,B,220000,historical,,
2004,S,Y,F,B,225000,historical,,
2005,S,Y,F,B,230000,historical,,
2006,S,Y,F,B,235000,historical,,
2007,S,Y,F,B,240000,historical,,
2008,S,Y,F,B,189751,historical,,
2009,S,Y,F,B,139502,historical,,
2010,S,Y,F,B,89253,historical,,
2011,S,Y,F,B,153626,historical,,
2012,S,Y,F,B,217998,historical,,
2013,S,Y,F,B,153276,historical,,
2014,S,Y,F,B,135064,historical,,
2015,S,Y,F,B,147766,historical,,
2016,S,Y,F,B,148492,historical,,
2017,S,Y,F,B,149495,historical,,
2018,S,Y,F,B,158317,historical,,
2019,S,Y,F,B,167290,historical,,
2020,S,Y,F,B,168512,historical,,
2021,S,Y,F,B,177435,historical,,
2022,S,Y,F,B,199476,historical,,
2023,S,Y,F,B,201016,historical,,
2024,S,Y,F,B,219869,historical,,
2025,S,Y,F,B,220931,historical,,
2026,S,Y,F,B,188174,forecast,134018,242330
2027,S,Y,F,B,177766,forecast,89752,265780
2028,S,Y,F,B,174187,forecast,83453,264921
2029,S,Y,F,B,172953,forecast,81900,264005
2030,S,Y,F,B,172527,forecast,81437,263617
1995,S,Y,L,A,51204,historical,,
1996,S,Y,L,A,54597,historical,,
1997,S,Y,L,A,55689,historical,,
1998,S,Y,L,A,58477,historical,,
1999,S,Y,L,A,61754,historical,,
2000,S,Y,L,A,66667,historical,,
2001,S,Y,L,A,77749,historical,,
2002,S,Y,L,A,91665,historical,,
2003,S,Y,L,A,114852,historical,,
2004,S,Y,L,A,146000,historical,,
2005,S,Y,L,A,161357,historical,,
2006,S,Y,L,A,168617,historical,,
2007,S,Y,L,A,169401,historical,,
2008,S,Y,L,A,150596,historical,,
2009,S,Y,L,A,154976,historical,,
2010,S,Y,L,A,158357,historical,,
2011,S,Y,L,A,159522,historical,,
2012,S,Y,L,A,162112,historical,,
2013,S,Y,L,A,158959,historical,,
2014,S,Y,L,A,170506,historical,,
2015,S,Y,L,A,181488,historical,,
2016,S,Y,L,A,195903,historical,,
2017,S,Y,L,A,201845,historical,,
2018,S,Y,L,A,214593,historical,,
2019,S,Y,L,A,220570,historical,,
2020,S,Y,L,A,214811,historical,,
2021,S,Y,L,A,238546,historical,,
2022,S,Y,L,A,245785,historical,,
2023,S,Y,L,A,204830,historical,,
2024,S,Y,L,A,292258,historical,,
2025,S,Y,L,A,267970,forecast,229786,306155
2026,S,Y,L,A,212666,forecast,160491,264841
2027,S,Y,L,A,396558,forecast,327356,465761
2028,S,Y,L,A,258893,forecast,132815,384971
2029,S,Y,L,A,216483,forecast,74354,358612
1995,S,N,F,A,61256,historical,,
1996,S,N,F,A,63224,historical,,
1997,S,N,F,A,69188,historical,,
1998,S,N,F,A,74798,historical,,
1999,S,N,F,A,82933,historical,,
2000,S,N,F,A,92277,historical,,
2001,S,N,F,A,103771,historical,,
2002,S,N,F,A,122092,historical,,
2003,S,N,F,A,142326,historical,,
2004,S,N,F,A,164858,historical,,
2005,S,N,F,A,175647,historical,,
2006,S,N,F,A,186848,historical,,
2007,S,N,F,A,201268,historical,,
2008,S,N,F,A,197287,historical,,
2009,S,N,F,A,188271,historical,,
2010,S,N,F,A,206429,historical,,
2011,S,N,F,A,202316,historical,,
2012,S,N,F,A,205500,historical,,
2013,S,N,F,A,211572,historical,,
2014,S,N,F,A,223612,historical,,
2015,S,N,F,A,236118,historical,,
2016,S,N,F,A,245521,historical,,
2017,S,N,F,A,254232,historical,,
2018,S,N,F,A,259108,historical,,
2019,S,N,F,A,262097,historical,,
2020,S,N,F,A,281922,historical,,
2021,S,N,F,A,306883,historical,,
2022,S,N,F,A,329662,historical,,
2023,S,N,F,A,326666,historical,,
2024,S,N,F,A,327878,historical,,
2025,S,N,F,A,325701,historical,,
2026,S,N,F,A,326990,forecast,307789,346190
2027,S,N,F,A,330381,forecast,297322,363440
2028,S,N,F,A,333539,forecast,290227,376851
2029,S,N,F,A,336478,forecast,284366,388591
2030,S,N,F,A,339215,forecast,279130,399300
1995,S,N,F,B,150000,historical,,
1996,S,N,F,B,226250,historical,,
1997,S,N,F,B,302500,historical,,
1998,S,N,F,B,378750,historical,,
1999,S,N,F,B,237091,historical,,
2000,S,N,F,B,95432,historical,,
2001,S,N,F,B,166455,historical,,
2002,S,N,F,B,237477,historical,,
2003,S,N,F,B,308500,historical,,
2004,S,N,F,B,232500,historical,,
2005,S,N,F,B,155000,historical,,
2006,S,N,F,B,162500,historical,,
2007,S,N,F,B,188411,historical,,
2008,S,N,F,B,211250,historical,,
2009,S,N,F,B,110790,historical,,
2010,S,N,F,B,142970,historical,,
2011,S,N,F,B,118055,historical,,
2012,S,N,F,B,130161,historical,,
2013,S,N,F,B,150828,historical,,
2014,S,N,F,B,160639,historical,,
2015,S,N,F,B,193933,historical,,
2016,S,N,F,B,210650,historical,,
2017,S,N,F,B,224373,historical,,
2018,S,N,F,B,234010,historical,,
2019,S,N,F,B,227047,historical,,
2020,S,N,F,B,231378,historical,,
2021,S,N,F,B,261820,historical,,
2022,S,N,F,B,275390,historical,,
2023,S,N,F,B,270842,historical,,
2024,S,N,F,B,263895,historical,,
2025,S,N,F,B,248896,historical,,
2026,S,N,F,B,255028,forecast,200329,309726
2027,S,N,F,B,266757,forecast,197733,335782
2028,S,N,F,B,271693,forecast,200079,343307
2029,S,N,F,B,267047,forecast,194764,339330
2030,S,N,F,B,259681,forecast,184875,334487
1995,S,N,L,A,50948,historical,,
1996,S,N,L,A,51741,historical,,
1997,S,N,L,A,54898,historical,,
1998,S,N,L,A,57305,historical,,
1999,S,N,L,A,61656,historical,,
2000,S,N,L,A,66690,historical,,
2001,S,N,L,A,74161,historical,,
2002,S,N,L,A,86977,historical,,
2003,S,N,L,A,104918,historical,,
2004,S,N,L,A,128108,historical,,
2005,S,N,L,A,137448,historical,,
2006,S,N,L,A,147035,historical,,
2007,S,N,L,A,155589,historical,,
2008,S,N,L,A,150374,historical,,
2009,S,N,L,A,146422,historical,,
2010,S,N,L,A,156069,historical,,
2011,S,N,L,A,149093,historical,,
2012,S,N,L,A,149347,historical,,
2013,S,N,L,A,153916,historical,,
2014,S,N,L,A,160909,historical,,
2015,S,N,L,A,167024,historical,,
2016,S,N,L,A,174307,historical,,
2017,S,N,L,A,181820,historical,,
2018,S,N,L,A,187073,historical,,
2019,S,N,L,A,190546,historical,,
2020,S,N,L,A,202582,historical,,
2021,S,N,L,A,220132,historical,,
2022,S,N,L,A,235127,historical,,
2023,S,N,L,A,234645,historical,,
2024,S,N,L,A,239887,historical,,
2025,S,N,L,A,254963,historical,,
2026,S,N,L,A,264878,forecast,251002,278754
2027,S,N,L,A,271071,forecast,244496,297646
2028,S,N,L,A,276943,forecast,240405,313481
2029,S,N,L,A,282512,forecast,236865,328159
2030,S,N,L,A,287792,forecast,233426,342158
2001,S,N,L,B,210000,historical,,
2002,S,N,L,B,195250,historical,,
2003,S,N,L,B,180500,historical,,
2004,S,N,L,B,165750,historical,,
2005,S,N,L,B,151000,historical,,
2006,S,N,L,B,136250,historical,,
2007,S,N,L,B,121500,historical,,
2008,S,N,L,B,120000,historical,,
2009,S,N,L,B,118500,historical,,
2010,S,N,L,B,117000,historical,,
2011,S,N,L,B,115500,historical,,
2012,S,N,L,B,148750,historical,,
2013,S,N,L,B,116970,historical,,
2014,S,N,L,B,117195,historical,,
2015,S,N,L,B,131150,historical,,
2016,S,N,L,B,156875,historical,,
2017,S,N,L,B,168780,historical,,
2018,S,N,L,B,162581,historical,,
2019,S,N,L,B,189268,historical,,
2020,S,N,L,B,171000,historical,,
2021,S,N,L,B,188354,historical,,
2022,S,N,L,B,194561,historical,,
2023,S,N,L,B,188924,historical,,
2024,S,N,L,B,197855,historical,,
2025,S,N,L,B,190915,historical,,
2026,S,N,L,B,194821,forecast,163880,225761
2027,S,N,L,B,194193,forecast,157690,230696
2028,S,N,L,B,193874,forecast,148229,239519
2029,S,N,L,B,193712,forecast,138257,249166
2030,S,N,L,B,193629,forecast,128806,258453
1995,T,Y,F,A,58938,historical,,
1996,T,Y,F,A,65973,historical,,
1997,T,Y,F,A,74301,historical,,
1998,T,Y,F,A,83030,historical,,
1999,T,Y,F,A,96109,historical,,
2000,T,Y,F,A,112570,historical,,
2001,T,Y,F,A,128345,historical,,
2002,T,Y,F,A,147946,historical,,
2003,T,Y,F,A,162858,historical,,
2004,T,Y,F,A,180444,historical,,
2005,T,Y,F,A,191142,historical,,
2006,T,Y,F,A,199612,historical,,
2007,T,Y,F,A,206760,historical,,
2008,T,Y,F,A,196238,historical,,
2009,T,Y,F,A,186271,historical,,
2010,T,Y,F,A,191141,historical,,
2011,T,Y,F,A,191906,historical,,
2012,T,Y,F,A,207101,historical,,
2013,T,Y,F,A,219233,historical,,
2014,T,Y,F,A,230294,historical,,
2015,T,Y,F,A,247012,historical,,
2016,T,Y,F,A,266461,historical,,
2017,T,Y,F,A,276345,historical,,
2018,T,Y,F,A,279214,historical,,
2019,T,Y,F,A,284664,historical,,
2020,T,Y,F,A,298489,historical,,
2021,T,Y,F,A,300496,historical,,
2022,T,Y,F,A,305946,historical,,
2023,T,Y,F,A,313007,historical,,
2024,T,Y,F,A,316269,historical,,
2025,T,Y,F,A,351851,historical,,
2026,T,Y,F,A,379952,forecast,359713,400191
2027,T,Y,F,A,398110,forecast,357760,438459
2028,T,Y,F,A,416267,forecast,357234,475301
2029,T,Y,F,A,434425,forecast,356231,512619
2030,T,Y,F,A,452583,forecast,354347,550818
2004,T,Y,F,B,76600,historical,,
2005,T,Y,F,B,84350,historical,,
2006,T,Y,F,B,92100,historical,,
2007,T,Y,F,B,99850,historical,,
2008,T,Y,F,B,107600,historical,,
2009,T,Y,F,B,97050,historical,,
2010,T,Y,F,B,86500,historical,,
2011,T,Y,F,B,88600,historical,,
2012,T,Y,F,B,152812,historical,,
2013,T,Y,F,B,130635,historical,,
2014,T,Y,F,B,151454,historical,,
2015,T,Y,F,B,145069,historical,,
2016,T,Y,F,B,158662,historical,,
2017,T,Y,F,B,144097,historical,,
2018,T,Y,F,B,151070,historical,,
2019,T,Y,F,B,146168,historical,,
2020,T,Y,F,B,148398,historical,,
2021,T,Y,F,B,155056,historical,,
2022,T,Y,F,B,172350,historical,,
2023,T,Y,F,B,212885,historical,,
2024,T,Y,F,B,197719,historical,,
2025,T,Y,F,B,181999,historical,,
2026,T,Y,F,B,182573,forecast,145237,219909
2027,T,Y,F,B,180248,forecast,125616,234880
2028,T,Y,F,B,180689,forecast,117818,243561
2029,T,Y,F,B,179151,forecast,107734,250568
2030,T,Y,F,B,179483,forecast,102424,256543
1995,T,Y,L,A,58684,historical,,
1996,T,Y,L,A,67099,historical,,
1997,T,Y,L,A,74172,historical,,
1998,T,Y,L,A,78940,historical,,
1999,T,Y,L,A,95625,historical,,
2000,T,Y,L,A,105840,historical,,
2001,T,Y,L,A,139094,historical,,
2002,T,Y,L,A,132999,historical,,
2003,T,Y,L,A,135661,historical,,
2004,T,Y,L,A,160365,historical,,
2005,T,Y,L,A,170219,historical,,
2006,T,Y,L,A,171751,historical,,
2007,T,Y,L,A,169311,historical,,
2008,T,Y,L,A,160388,historical,,
2009,T,Y,L,A,150896,historical,,
2010,T,Y,L,A,162992,historical,,
2011,T,Y,L,A,168173,historical,,
2012,T,Y,L,A,186594,historical,,
2013,T,Y,L,A,189318,historical,,
2014,T,Y,L,A,229199,historical,,
2015,T,Y,L,A,228820,historical,,
2016,T,Y,L,A,255355,historical,,
2017,T,Y,L,A,257998,historical,,
2018,T,Y,L,A,368559,historical,,
2019,T,Y,L,A,342295,historical,,
2020,T,Y,L,A,402706,historical,,
2021,T,Y,L,A,384609,historical,,
2022,T,Y,L,A,558299,historical,,
2023,T,Y,L,A,393807,historical,,
2024,T,Y,L,A,432075,historical,,
2025,T,Y,L,A,90200,forecast,-17066,197467
2026,T,Y,L,A,205254,forecast,-89040,499547
2027,T,Y,L,A,-252970,forecast,-814922,308983
2028,T,Y,L,A,8058,forecast,-840402,856518
2029,T,Y,L,A,-633309,forecast,-1836126,569507
1995,T,N,F,A,51603,historical,,
1996,T,N,F,A,53858,historical,,
1997,T,N,F,A,59778,historical,,
1998,T,N,F,A,65179,historical,,
1999,T,N,F,A,73669,historical,,
2000,T,N,F,A,82108,historical,,
2001,T,N,F,A,90618,historical,,
2002,T,N,F,A,105208,historical,,
2003,T,N,F,A,119322,historical,,
2004,T,N,F,A,140028,historical,,
2005,T,N,F,A,150976,historical,,
2006,T,N,F,A,165585,historical,,
2007,T,N,F,A,180840,historical,,
2008,T,N,F,A,177334,historical,,
2009,T,N,F,A,177183,historical,,
2010,T,N,F,A,197587,historical,,
2011,T,N,F,A,195965,historical,,
2012,T,N,F,A,203338,historical,,
2013,T,N,F,A,211441,historical,,
2014,T,N,F,A,221985,historical,,
2015,T,N,F,A,230949,historical,,
2016,T,N,F,A,238128,historical,,
2017,T,N,F,A,242301,historical,,
2018,T,N,F,A,246204,historical,,
2019,T,N,F,A,249965,historical,,
2020,T,N,F,A,271606,historical,,
2021,T,N,F,A,296919,historical,,
2022,T,N,F,A,315647,historical,,
2023,T,N,F,A,308128,historical,,
2024,T,N,F,A,313102,historical,,
2025,T,N,F,A,301257,historical,,
2026,T,N,F,A,300121,forecast,280349,319892
2027,T,N,F,A,302884,forecast,271226,334541
2028,T,N,F,A,305463,forecast,265309,345618
2029,T,N,F,A,307872,forecast,260741,355004
2030,T,N,F,A,310121,forecast,256930,363313
1996,T,N,F,B,13000,historical,,
1997,T,N,F,B,11800,historical,,
1998,T,N,F,B,10601,historical,,
1999,T,N,F,B,32217,historical,,
2000,T,N,F,B,53833,historical,,
2001,T,N,F,B,109067,historical,,
2002,T,N,F,B,75750,historical,,
2003,T,N,F,B,104700,historical,,
2004,T,N,F,B,120390,historical,,
2005,T,N,F,B,96325,historical,,
2006,T,N,F,B,118848,historical,,
2007,T,N,F,B,113333,historical,,
2008,T,N,F,B,85208,historical,,
2009,T,N,F,B,110271,historical,,
2010,T,N,F,B,122976,historical,,
2011,T,N,F,B,129969,historical,,
2012,T,N,F,B,110153,historical,,
2013,T,N,F,B,157935,historical,,
2014,T,N,F,B,175127,historical,,
2015,T,N,F,B,195726,historical,,
2016,T,N,F,B,204026,historical,,
2017,T,N,F,B,208655,historical,,
2018,T,N,F,B,210283,historical,,
2019,T,N,F,B,197561,historical,,
2020,T,N,F,B,204839,historical,,
2021,T,N,F,B,225583,historical,,
2022,T,N,F,B,239984,historical,,
2023,T,N,F,B,216780,historical,,
2024,T,N,F,B,224539,historical,,
2025,T,N,F,B,195180,historical,,
2026,T,N,F,B,194030,forecast,150961,237100
2027,T,N,F,B,195027,forecast,136214,253840
2028,T,N,F,B,195685,forecast,118883,272488
2029,T,N,F,B,194762,forecast,103304,286220
2030,T,N,F,B,194467,forecast,93742,295191
1995,T,N,L,A,40563,historical,,
1996,T,N,L,A,41441,historical,,
1997,T,N,L,A,45728,historical,,
1998,T,N,L,A,47422,historical,,
1999,T,N,L,A,52215,historical,,
2000,T,N,L,A,55571,historical,,
2001,T,N,L,A,59564,historical,,
2002,T,N,L,A,67437,historical,,
2003,T,N,L,A,76170,historical,,
2004,T,N,L,A,92005,historical,,
2005,T,N,L,A,101373,historical,,
2006,T,N,L,A,112939,historical,,
2007,T,N,L,A,124150,historical,,
2008,T,N,L,A,120799,historical,,
2009,T,N,L,A,122505,historical,,
2010,T,N,L,A,133440,historical,,
2011,T,N,L,A,127128,historical,,
2012,T,N,L,A,133525,historical,,
2013,T,N,L,A,141088,historical,,
2014,T,N,L,A,146967,historical,,
2015,T,N,L,A,150306,historical,,
2016,T,N,L,A,150104,historical,,
2017,T,N,L,A,158706,historical,,
2018,T,N,L,A,157636,historical,,
2019,T,N,L,A,158287,historical,,
2020,T,N,L,A,168613,historical,,
2021,T,N,L,A,191820,historical,,
2022,T,N,L,A,200109,historical,,
2023,T,N,L,A,200161,historical,,
2024,T,N,L,A,205543,historical,,
2025,T,N,L,A,212216,historical,,
2026,T,N,L,A,217650,forecast,203179,232121
2027,T,N,L,A,219534,forecast,193642,245425
2028,T,N,L,A,222898,forecast,191419,254377
2029,T,N,L,A,225368,forecast,188415,262322
2030,T,N,L,A,228078,forecast,186780,269376
1996,T,N,L,B,14000,historical,,
1997,T,N,L,B,38000,historical,,
1998,T,N,L,B,62000,historical,,
1999,T,N,L,B,85999,historical,,
2000,T,N,L,B,109999,historical,,
2001,T,N,L,B,122500,historical,,
2002,T,N,L,B,135000,historical,,
2003,T,N,L,B,111160,historical,,
2004,T,N,L,B,87320,historical,,
2005,T,N,L,B,63481,historical,,
2006,T,N,L,B,39641,historical,,
2007,T,N,L,B,66250,historical,,
2008,T,N,L,B,61500,historical,,
2009,T,N,L,B,93000,historical,,
2010,T,N,L,B,86000,historical,,
2011,T,N,L,B,45000,historical,,
2012,T,N,L,B,58415,historical,,
2013,T,N,L,B,138802,historical,,
2014,T,N,L,B,120574,historical,,
2015,T,N,L,B,149108,historical,,
2016,T,N,L,B,157583,historical,,
2017,T,N,L,B,131726,historical,,
2018,T,N,L,B,122369,historical,,
2019,T,N,L,B,141580,historical,,
2020,T,N,L,B,121251,historical,,
2021,T,N,L,B,141920,historical,,
2022,T,N,L,B,152820,historical,,
2023,T,N,L,B,143973,historical,,
2024,T,N,L,B,144754,historical,,
2025,T,N,L,B,136252,historical,,
2026,T,N,L,B,133525,forecast,80892,186158
2027,T,N,L,B,132886,forecast,60034,205737
2028,T,N,L,B,134565,forecast,32523,236607
2029,T,N,L,B,135315,forecast,7521,263109
2030,T,N,L,B,134350,forecast,-8590,277290
1995,F,Y,F,A,63310,historical,,
1996,F,Y,F,A,71989,historical,,
1997,F,Y,F,A,85360,historical,,
1998,F,Y,F,A,108159,historical,,
1999,F,Y,F,A,127477,historical,,
2000,F,Y,F,A,155528,historical,,
2001,F,Y,F,A,142341,historical,,
2002,F,Y,F,A,138246,historical,,
2003,F,Y,F,A,132392,historical,,
2004,F,Y,F,A,154085,historical,,
2005,F,Y,F,A,152780,historical,,
2006,F,Y,F,A,202142,historical,,
2007,F,Y,F,A,172945,historical,,
2008,F,Y,F,A,155930,historical,,
2009,F,Y,F,A,152173,historical,,
2010,F,Y,F,A,140739,historical,,
2011,F,Y,F,A,143032,historical,,
2012,F,Y,F,A,145963,historical,,
2013,F,Y,F,A,156419,historical,,
2014,F,Y,F,A,168767,historical,,
2015,F,Y,F,A,178520,historical,,
2016,F,Y,F,A,202885,historical,,
2017,F,Y,F,A,207279,historical,,
2018,F,Y,F,A,218726,historical,,
2019,F,Y,F,A,252454,historical,,
2020,F,Y,F,A,241302,historical,,
2021,F,Y,F,A,244860,historical,,
2022,F,Y,F,A,267648,historical,,
2023,F,Y,F,A,290948,historical,,
2024,F,Y,F,A,270590,historical,,
2025,F,Y,F,A,204250,historical,,
2026,F,Y,F,A,190717,forecast,144402,237032
2027,F,Y,F,A,187385,forecast,115207,259563
2028,F,Y,F,A,187385,forecast,94896,279874
2029,F,Y,F,A,187385,forecast,78304,296466
2030,F,Y,F,A,187385,forecast,63921,310848
1995,F,Y,L,A,64317,historical,,
1996,F,Y,L,A,78246,historical,,
1997,F,Y,L,A,95392,historical,,
1998,F,Y,L,A,120267,historical,,
1999,F,Y,L,A,138431,historical,,
2000,F,Y,L,A,161591,historical,,
2001,F,Y,L,A,160338,historical,,
2002,F,Y,L,A,163718,historical,,
2003,F,Y,L,A,177595,historical,,
2004,F,Y,L,A,186944,historical,,
2005,F,Y,L,A,186286,historical,,
2006,F,Y,L,A,184665,historical,,
2007,F,Y,L,A,183664,historical,,
2008,F,Y,L,A,185573,historical,,
2009,F,Y,L,A,177799,historical,,
2010,F,Y,L,A,201976,historical,,
2011,F,Y,L,A,208019,historical,,
2012,F,Y,L,A,233766,historical,,
2013,F,Y,L,A,267075,historical,,
2014,F,Y,L,A,323928,historical,,
2015,F,Y,L,A,353147,historical,,
2016,F,Y,L,A,389302,historical,,
2017,F,Y,L,A,423877,historical,,
2018,F,Y,L,A,425784,historical,,
2019,F,Y,L,A,423547,historical,,
2020,F,Y,L,A,452122,historical,,
2021,F,Y,L,A,441968,historical,,
2022,F,Y,L,A,458015,historical,,
2023,F,Y,L,A,524035,historical,,
2024,F,Y,L,A,505028,historical,,
2025,F,Y,L,A,1264474,historical,,
2026,F,Y,L,A,-630102,forecast,-865364,-394840
2027,F,Y,L,A,7650880,forecast,7163710,8138050
2028,F,Y,L,A,-20592676,forecast,-23028299,-18157052
2029,F,Y,L,A,85085416,forecast,77452793,92718039
2030,F,Y,L,A,-296865567,forecast,-326642461,-267088674
2001,F,Y,L,B,232500,historical,,
2002,F,Y,L,B,230000,historical,,
2003,F,Y,L,B,210585,historical,,
2004,F,Y,L,B,181467,historical,,
2005,F,Y,L,B,116666,historical,,
2006,F,Y,L,B,229890,historical,,
2007,F,Y,L,B,343113,historical,,
2008,F,Y,L,B,101839,historical,,
2009,F,Y,L,B,156000,historical,,
2010,F,Y,L,B,192500,historical,,
2011,F,Y,L,B,44880,historical,,
2012,F,Y,L,B,225586,historical,,
2013,F,Y,L,B,336963,historical,,
2014,F,Y,L,B,270330,historical,,
2015,F,Y,L,B,310961,historical,,
2016,F,Y,L,B,310102,historical,,
2017,F,Y,L,B,369430,historical,,
2018,F,Y,L,B,341002,historical,,
2019,F,Y,L,B,328616,historical,,
2020,F,Y,L,B,423820,historical,,
2021,F,Y,L,B,359845,historical,,
2022,F,Y,L,B,414038,historical,,
2023,F,Y,L,B,411761,historical,,
2024,F,Y,L,B,358351,historical,,
2025,F,Y,L,B,120913,historical,,
2026,F,Y,L,B,106363,forecast,-89166,301892
2027,F,Y,L,B,301761,forecast,36270,567252
2028,F,Y,L,B,301761,forecast,32822,570700
2029,F,Y,L,B,301761,forecast,29418,574104
2030,F,Y,L,B,301761,forecast,26055,577467
1995,F,N,F,A,61747,historical,,
1996,F,N,F,A,63377,historical,,
1997,F,N,F,A,75385,historical,,
1998,F,N,F,A,86069,historical,,
1999,F,N,F,A,94449,historical,,
2000,F,N,F,A,100014,historical,,
2001,F,N,F,A,114719,historical,,
2002,F,N,F,A,129053,historical,,
2003,F,N,F,A,136682,historical,,
2004,F,N,F,A,163659,historical,,
2005,F,N,F,A,162481,historical,,
2006,F,N,F,A,175492,historical,,
2007,F,N,F,A,188641,historical,,
2008,F,N,F,A,179613,historical,,
2009,F,N,F,A,183443,historical,,
2010,F,N,F,A,191169,historical,,
2011,F,N,F,A,196582,historical,,
2012,F,N,F,A,168603,historical,,
2013,F,N,F,A,181158,historical,,
2014,F,N,F,A,194589,historical,,
2015,F,N,F,A,190403,historical,,
2016,F,N,F,A,212014,historical,,
2017,F,N,F,A,236977,historical,,
2018,F,N,F,A,236717,historical,,
2019,F,N,F,A,247272,historical,,
2020,F,N,F,A,276899,historical,,
2021,F,N,F,A,303699,historical,,
2022,F,N,F,A,299462,historical,,
2023,F,N,F,A,306844,historical,,
2024,F,N,F,A,314686,historical,,
2025,F,N,F,A,307111,historical,,
2026,F,N,F,A,310703,forecast,278651,342754
2027,F,N,F,A,310068,forecast,257095,363041
2028,F,N,F,A,311693,forecast,250266,373120
2029,F,N,F,A,311938,forecast,242433,381444
2030,F,N,F,A,312861,forecast,238017,387706
2007,F,N,F,B,321500,historical,,
2008,F,N,F,B,270750,historical,,
2009,F,N,F,B,220000,historical,,
2010,F,N,F,B,65000,historical,,
2011,F,N,F,B,82500,historical,,
2012,F,N,F,B,100000,historical,,
2013,F,N,F,B,187956,historical,,
2014,F,N,F,B,213396,historical,,
2015,F,N,F,B,277096,historical,,
2016,F,N,F,B,302630,historical,,
2017,F,N,F,B,261891,historical,,
2018,F,N,F,B,329785,historical,,
2019,F,N,F,B,261972,historical,,
2020,F,N,F,B,324329,historical,,
2021,F,N,F,B,301073,historical,,
2022,F,N,F,B,313575,historical,,
2023,F,N,F,B,342001,historical,,
2024,F,N,F,B,310308,historical,,
2025,F,N,F,B,192429,historical,,
2026,F,N,F,B,200982,forecast,87009,314956
2027,F,N,F,B,180336,forecast,21335,339337
2028,F,N,F,B,159690,forecast,-47607,366986
2029,F,N,F,B,139043,forecast,-119881,397968
2030,F,N,F,B,118397,forecast,-195404,432198
1995,F,N,L,A,57810,historical,,
1996,F,N,L,A,61390,historical,,
1997,F,N,L,A,68983,historical,,
1998,F,N,L,A,75761,historical,,
1999,F,N,L,A,88200,historical,,
2000,F,N,L,A,102408,historical,,
2001,F,N,L,A,114051,historical,,
2002,F,N,L,A,133777,historical,,
2003,F,N,L,A,143713,historical,,
2004,F,N,L,A,163810,historical,,
2005,F,N,L,A,171295,historical,,
2006,F,N,L,A,186164,historical,,
2007,F,N,L,A,203426,historical,,
2008,F,N,L,A,202481,historical,,
2009,F,N,L,A,202251,historical,,
2010,F,N,L,A,225294,historical,,
2011,F,N,L,A,228744,historical,,
2012,F,N,L,A,238568,historical,,
2013,F,N,L,A,250257,historical,,
2014,F,N,L,A,258035,historical,,
2015,F,N,L,A,260810,historical,,
2016,F,N,L,A,265135,historical,,
2017,F,N,L,A,272627,historical,,
2018,F,N,L,A,267779,historical,,
2019,F,N,L,A,273319,historical,,
2020,F,N,L,A,291175,historical,,
2021,F,N,L,A,297020,historical,,
2022,F,N,L,A,306635,historical,,
2023,F,N,L,A,313545,historical,,
2024,F,N,L,A,313270,historical,,
2025,F,N,L,A,294554,historical,,
2026,F,N,L,A,285124,forecast,267991,302257
2027,F,N,L,A,272837,forecast,244518,301156
2028,F,N,L,A,261377,forecast,220775,301978
2029,F,N,L,A,250851,forecast,198126,303575
2030,F,N,L,A,241323,forecast,177217,305428
1995,F,N,L,B,30500,historical,,
1996,F,N,L,B,71000,historical,,
1997,F,N,L,B,111500,historical,,
1998,F,N,L,B,152000,historical,,
1999,F,N,L,B,192500,historical,,
2000,F,N,L,B,445583,historical,,
2001,F,N,L,B,341333,historical,,
2002,F,N,L,B,241650,historical,,
2003,F,N,L,B,269500,historical,,
2004,F,N,L,B,181667,historical,,
2005,F,N,L,B,293650,historical,,
2006,F,N,L,B,206848,historical,,
2007,F,N,L,B,315535,historical,,
2008,F,N,L,B,845761,historical,,
2009,F,N,L,B,131061,historical,,
2010,F,N,L,B,155047,historical,,
2011,F,N,L,B,169506,historical,,
2012,F,N,L,B,225479,historical,,
2013,F,N,L,B,255844,historical,,
2014,F,N,L,B,278398,historical,,
2015,F,N,L,B,273316,historical,,
2016,F,N,L,B,265487,historical,,
2017,F,N,L,B,267805,historical,,
2018,F,N,L,B,279170,historical,,
2019,F,N,L,B,269457,historical,,
2020,F,N,L,B,255315,historical,,
2021,F,N,L,B,266869,historical,,
2022,F,N,L,B,283274,historical,,
2023,F,N,L,B,276921,historical,,
2024,F,N,L,B,264373,historical,,
2025,F,N,L,B,216269,historical,,
2026,F,N,L,B,247895,forecast,-4119,499908
2027,F,N,L,B,259891,forecast,7799,511982
2028,F,N,L,B,252665,forecast,-7648,512978
2029,F,N,L,B,252665,forecast,-7648,512978
2030,F,N,L,B,252665,forecast,-7648,512978
2007,O,Y,F,B,14667,historical,,
2008,O,Y,F,B,173413,historical,,
2009,O,Y,F,B,332159,historical,,
2010,O,Y,F,B,490905,historical,,
2011,O,Y,F,B,4200,historical,,
2012,O,Y,F,B,139337,historical,,
2013,O,Y,F,B,523241,historical,,
2014,O,Y,F,B,597850,historical,,
2015,O,Y,F,B,817709,historical,,
2016,O,Y,F,B,294116,historical,,
2017,O,Y,F,B,282094,historical,,
2018,O,Y,F,B,236786,historical,,
2019,O,Y,F,B,292478,historical,,
2020,O,Y,F,B,321000,historical,,
2021,O,Y,F,B,352028,historical,,
2022,O,Y,F,B,403467,historical,,
2023,O,Y,F,B,456194,historical,,
2024,O,Y,F,B,457590,historical,,
2025,O,Y,F,B,475789,historical,,
2026,O,Y,F,B,460677,forecast,203532,717822
2027,O,Y,F,B,450450,forecast,119703,781198
2028,O,Y,F,B,440223,forecast,53840,826606
2029,O,Y,F,B,429996,forecast,-1236,861229
2030,O,Y,F,B,419769,forecast,-48787,888326
2009,O,Y,L,B,93092,historical,,
2010,O,Y,L,B,87771,historical,,
2011,O,Y,L,B,233833,historical,,
2012,O,Y,L,B,45983,historical,,
2013,O,Y,L,B,293080,historical,,
2014,O,Y,L,B,605663,historical,,
2015,O,Y,L,B,368909,historical,,
2016,O,Y,L,B,105335,historical,,
2017,O,Y,L,B,199610,historical,,
2018,O,Y,L,B,220341,historical,,
2019,O,Y,L,B,460898,historical,,
2020,O,Y,L,B,391448,historical,,
2021,O,Y,L,B,543043,historical,,
2022,O,Y,L,B,766379,historical,,
2023,O,Y,L,B,962611,historical,,
2024,O,Y,L,B,433155,historical,,
2025,O,Y,L,B,270000,historical,,
2026,O,Y,L,B,437921,forecast,-39272,915113
2027,O,Y,L,B,471920,forecast,-147355,1091196
2028,O,Y,L,B,471920,forecast,-176786,1120626
2029,O,Y,L,B,471920,forecast,-204937,1148778
2030,O,Y,L,B,471920,forecast,-231964,1175805
1995,O,N,F,B,1478849,historical,,
1996,O,N,F,B,200667,historical,,
1997,O,N,F,B,266738,historical,,
1998,O,N,F,B,159655,historical,,
1999,O,N,F,B,107323,historical,,
2000,O,N,F,B,171989,historical,,
2001,O,N,F,B,218750,historical,,
2002,O,N,F,B,78598,historical,,
2003,O,N,F,B,252801,historical,,
2004,O,N,F,B,3764183,historical,,
2005,O,N,F,B,193386,historical,,
2006,O,N,F,B,540484,historical,,
2007,O,N,F,B,122480,historical,,
2008,O,N,F,B,653881,historical,,
2009,O,N,F,B,156177,historical,,
2010,O,N,F,B,587617,historical,,
2011,O,N,F,B,309659,historical,,
2012,O,N,F,B,650940,historical,,
2013,O,N,F,B,2108737,historical,,
2014,O,N,F,B,1890537,historical,,
2015,O,N,F,B,1678065,historical,,
2016,O,N,F,B,1190793,historical,,
2017,O,N,F,B,1088595,historical,,
2018,O,N,F,B,1154239,historical,,
2019,O,N,F,B,1220917,historical,,
2020,O,N,F,B,1255837,historical,,
2021,O,N,F,B,1238875,historical,,
2022,O,N,F,B,1377565,historical,,
2023,O,N,F,B,1205484,historical,,
2024,O,N,F,B,1089225,historical,,
2025,O,N,F,B,1209392,historical,,
2026,O,N,F,B,952008,forecast,-631767,2535784
2027,O,N,F,B,931638,forecast,-674500,2537775
2028,O,N,F,B,891046,forecast,-732684,2514777
2029,O,N,F,B,891046,forecast,-732684,2514777
2030,O,N,F,B,891046,forecast,-732684,2514777
1995,O,N,L,B,89667,historical,,
1996,O,N,L,B,26600,historical,,
1997,O,N,L,B,1863326,historical,,
1998,O,N,L,B,47750,historical,,
1999,O,N,L,B,39291,historical,,
2000,O,N,L,B,210283,historical,,
2001,O,N,L,B,290375,historical,,
2002,O,N,L,B,7333,historical,,
2003,O,N,L,B,53533,historical,,
2004,O,N,L,B,199206,historical,,
2005,O,N,L,B,54076,historical,,
2006,O,N,L,B,270957,historical,,
2007,O,N,L,B,112324,historical,,
2008,O,N,L,B,195404,historical,,
2009,O,N,L,B,88281,historical,,
2010,O,N,L,B,123342,historical,,
2011,O,N,L,B,1522103,historical,,
2012,O,N,L,B,791749,historical,,
2013,O,N,L,B,2524567,historical,,
2014,O,N,L,B,2066173,historical,,
2015,O,N,L,B,1854470,historical,,
2016,O,N,L,B,949598,historical,,
2017,O,N,L,B,1287800,historical,,
2018,O,N,L,B,1283281,historical,,
2019,O,N,L,B,1244813,historical,,
2020,O,N,L,B,1422105,historical,,
2021,O,N,L,B,1266312,historical,,
2022,O,N,L,B,1178417,historical,,
2023,O,N,L,B,1032603,historical,,
2024,O,N,L,B,842145,historical,,
2025,O,N,L,B,879762,historical,,
2026,O,N,L,B,868645,forecast,-115464,1852754
2027,O,N,L,B,867377,forecast,-338248,2073001
2028,O,N,L,B,867377,forecast,-560855,2295609
2029,O,N,L,B,867377,forecast,-753167,2487920
2030,O,N,L,B,867377,forecast,-924962,2659715
