town_city,city_lat,city_lon
BISHOP'S STORTFORD,51.8676279,0.1631961
LIVERPOOL,53.4071991,-2.99168
SLOUGH,51.5034269,-0.5748722
BEDWORTH,52.4792826,-1.4663202
OSWESTRY,52.8603096,-3.0548201
LONDON,51.5074456,-0.1277653
REDCAR,54.6179021,-1.0687914
SWINDON,51.5615327,-1.7854322
EAST COWES,50.7594841,-1.2852106
STAFFORD,52.8063157,-2.1163818
DAGENHAM,51.5413271,0.1481142
CREWE,53.0996153,-2.4414627
HALIFAX,53.7229229,-1.8604874
CREWKERNE,50.8842116,-2.7952478
WORTHING,50.8115402,-0.3699697
WORCESTER,52.1911849,-2.2206585
LEEDS,53.7974185,-1.5437941
WETHERBY,53.9259798,-1.3776342
OAKHAM,52.6666604,-0.7499676
DURHAM,54.666667,-1.75
WIGAN,53.5457188,-2.6264624
BEDFORD,52.1363806,-0.4675041
ROCHESTER,51.3883811,0.504925
EAST GRINSTEAD,51.1322179,-0.0117661
LLANRWST,53.1415318,-3.7939311
LEICESTER,52.6362,-1.1331969
LINCOLN,53.2293545,-0.5404819
BRISTOL,51.4538022,-2.5972985
YORK,53.9656578,-1.0743052
BRACKNELL,51.4143513,-0.7449925
HEBBURN,54.9726376,-1.5173449
DEESIDE,57.0749482,-2.7650694
DEVIZES,51.3525027,-1.9958302
HONITON,50.7981119,-3.1924599
WASHINGTON,54.898614,-1.528827
CANNOCK,52.688227,-2.0324197
ELY,52.3990199,0.262039
WEMBLEY,51.5560695,-0.2796034
SUTTON COLDFIELD,52.5623089,-1.8239794
BRIDGEND,51.5049859,-3.5756674
MAIDSTONE,51.2748258,0.5231646
NEWCASTLE,54.9738474,-1.6131572
HUNSTANTON,52.9393841,0.4901743
CANTERBURY,51.2800275,1.0802533
HOUGHTON LE SPRING,54.8406536,-1.4699279
WEST BYFLEET,51.3396192,-0.505218
HALESOWEN,52.4492074,-2.0514646
STRATFORD-UPON-AVON,52.1927803,-1.70634
DARWEN,53.6960957,-2.4665093
LLANDOVERY,51.9954586,-3.7977071
PLYMOUTH,50.3714122,-4.1424451
SWADLINCOTE,52.7736624,-1.5575555
BURTON-ON-TRENT,52.802742,-1.629917
DUNMOW,51.8678182,0.3681558
VENTNOR,50.594976,-1.2029747
WATCHET,51.179924,-3.3306406
SUNDERLAND,54.9058512,-1.3828727
BRIDGWATER,51.1283378,-3.0037046
ANDOVER,51.2078275,-1.479355
CHIPPENHAM,51.4587621,-2.1159032
SOUTHEND-ON-SEA,51.5388241,0.7128137
NORTHAMPTON,52.2343367,-0.9028073
SHIPSTON-ON-STOUR,52.0630181,-1.6247264
EPPING,51.6982689,0.1102918
DARLINGTON,54.5242081,-1.5555812
CHELTENHAM,51.8995685,-2.0711559
ASHFORD,51.148555,0.8722566
CLITHEROE,53.8717465,-2.3926783
ABERYSTWYTH,52.4143113,-4.0816846
GRIMSBY,53.5671407,-0.0788045
SKEGNESS,53.1437506,0.3428958
GATESHEAD,54.9625789,-1.6019294
HARTLEPOOL,54.6857276,-1.2093696
CALDICOT,51.5912466,-2.7517629
CAMBRIDGE,52.2055314,0.1186637
BASILDON,51.5754602,0.4757363
BANWELL,51.3279764,-2.8629427
STOCKPORT,53.407901,-2.160243
ALDERSHOT,51.2494169,-0.7630148
SOUTHAMPTON,50.9025349,-1.404189
DORKING,51.2325184,-0.3306724
BEDALE,54.2882012,-1.5914458
SWANSEA,51.6195955,-3.9459248
CHERTSEY,51.392296,-0.5038294
SHEFFIELD,53.3806626,-1.4702278
NORWICH,52.6285576,1.2923954
RUISLIP,51.5775626,-0.4278453
PRESTON,53.7593363,-2.6992717
WHITSTABLE,51.3606286,1.0240626
NORTH SHIELDS,55.0087655,-1.4471035
HEMEL HEMPSTEAD,51.7511784,-0.472528
HENGOED,51.6489468,-3.2299102
THIRSK,54.2327725,-1.3423775
FAREHAM,50.8526637,-1.1783134
LOUGHBOROUGH,52.7723859,-1.2077985
HULL,53.7623862,-0.3301214
STOKE-SUB-HAMDON,50.9539757,-2.7501133
ISLEWORTH,51.4685202,-0.325966
REIGATE,51.2376557,-0.2057067
ROCHDALE,53.6153659,-2.1557561
CHATHAM,51.3819167,0.526559
MANCHESTER,53.4794892,-2.2451148
WATFORD,51.6553875,-0.3957425
HARLOW,51.7685568,0.0949036
CARNFORTH,54.1282092,-2.7701207
ST. IVES,50.2149064,-5.4795083
BATH,51.3813864,-2.3596963
PORTSMOUTH,50.800031,-1.0906023
BODMIN,50.470725,-4.7243205
REDDITCH,52.3057655,-1.9417444
NEWTON ABBOT,50.5296441,-3.6112097
WAKEFIELD,53.6829541,-1.4967286
POLEGATE,50.8276836,0.2446652
WOODBRIDGE,52.0941323,1.3199383
HARROW,51.5968271,-0.3373046
BUSHEY,51.6441535,-0.3622403
PEMBROKE DOCK,51.693539,-4.9392016
CARDIFF,51.4816546,-3.1791934
BUDLEIGH SALTERTON,50.6310504,-3.3299844
LEAMINGTON SPA,52.2913394,-1.536404
SOUTH CROYDON,51.3629173,-0.0933556
BRECON,51.9472048,-3.391696
WISBECH,52.6651733,0.1606824
SUTTON,51.3574644,-0.1736269
HAVANT,50.8519351,-0.9821263
STONE,52.9033037,-2.1477653
TWICKENHAM,51.4467444,-0.3281887
HALSTEAD,51.9453005,0.6425012
PENZANCE,50.1194794,-5.5352463
BLACKWOOD,51.6663189,-3.1974329
UXBRIDGE,51.5449509,-0.4816672
BIGGLESWADE,52.0882012,-0.2589013
BURNLEY,53.7907262,-2.2439196
BEACONSFIELD,51.6082881,-0.6571233
STEVENAGE,51.9016663,-0.2027155
GILLINGHAM,51.3871701,0.5461611
ROTHERHAM,53.4310417,-1.355187
COVENTRY,52.4081812,-1.510477
BOURNEMOUTH,50.7201514,-1.8799118
MIDHURST,50.9841854,-0.74043
HESSLE,53.7231588,-0.4349309
MARCH,52.5505996,0.0880189
KETTERING,52.3994233,-0.728004
WELWYN,51.8286869,-0.2141752
WICKFORD,51.6113905,0.5244419
BANBURY,52.0601807,-1.3402795
HORSHAM,51.0630273,-0.3295028
WILMSLOW,53.3261292,-2.2327511
HOLMFIRTH,53.5703517,-1.7870301
BRIXHAM,50.3952404,-3.514544
HYDE,53.4508687,-2.0782603
STONEHOUSE,51.7474678,-2.283024
WOLVERHAMPTON,52.5847651,-2.127567
WIDNES,53.3646888,-2.7283328
WELLINGTON,50.978376,-3.2275504
BARNSTAPLE,51.0804057,-4.0600467
LYDBROOK,51.8410459,-2.578136
CHINNOR,51.7013543,-0.9111593
AXBRIDGE,51.2871232,-2.8172812
MACHYNLLETH,52.5905191,-3.8518104
WARWICK,52.2814519,-1.5815742
WINDLESHAM,51.3632513,-0.6807485
SAWBRIDGEWORTH,51.8161033,0.1478822
WITNEY,51.7838848,-1.4852861
SUDBURY,52.0401524,0.7299495
SALISBURY,51.0690613,-1.7954134
ST NEOTS,52.22758,-0.2703789
UPMINSTER,51.5589708,0.2516815
LYMINGTON,50.7583753,-1.5426885
PETERSFIELD,51.0024945,-0.9392027
SPALDING,52.7865721,-0.148526
HAVERFORDWEST,51.8021275,-4.9684249
GLOUCESTER,51.8653705,-2.2458192
GREAT YARMOUTH,52.6071742,1.7314845
KING'S LYNN,52.7538673,0.3954774
TAUNTON,51.0147895,-3.1029086
CHEPSTOW,51.6409342,-2.6766946
RHAYADER,52.2996915,-3.516856
LAUNCESTON,50.6365062,-4.3604432
FOWEY,50.3357786,-4.6365952
SOUTH MOLTON,51.0170696,-3.8330599
ST LEONARDS-ON-SEA,50.863815,0.5588537
CROMER,52.9311367,1.3012758
NOTTINGHAM,52.9534193,-1.1496461
WINSCOMBE,51.3139428,-2.8334616
LLANYMYNECH,52.7805686,-3.0823317
LAMPETER,52.1130523,-4.078761
ABERTILLERY,51.7299485,-3.1359867
MENAI BRIDGE,53.2259347,-4.1631064
SOLIHULL,52.4130189,-1.7768935
HUDDERSFIELD,53.6466645,-1.7822482
STOKE-ON-TRENT,53.0162014,-2.1812607
OTTERY ST MARY,50.7465954,-3.2724332
SIDMOUTH,50.6790033,-3.237657
BIRMINGHAM,52.4796992,-1.9026911
BLACKPOOL,53.8179442,-3.0509812
WIRRAL,53.3409714,-3.0500916
WELLS-NEXT-THE-SEA,52.9549725,0.8515402
NEWCASTLE UPON TYNE,54.9738474,-1.6131572
LLANDRINDOD WELLS,52.2405222,-3.3793614
CHICHESTER,50.8364862,-0.7791721
CONSETT,54.8518781,-1.8333741
MAIDENHEAD,51.522743,-0.7197368
HELSTON,50.1016731,-5.273032
YELVERTON,52.5749124,1.3809804
LOUTH,53.3675163,-0.0022381
OKEHAMPTON,50.7376667,-4.000316
BLACKBURN,53.749326,-2.4840566
MARKET RASEN,53.3879115,-0.3376729
PONTYPOOL,51.7016878,-3.0405374
WREXHAM,53.0465084,-2.9937869
KEIGHLEY,53.8684021,-1.9020456
MILTON KEYNES,52.0406502,-0.7594092
COLCHESTER,51.8896903,0.8994651
BRIERLEY HILL,52.4796381,-2.1247527
PETERBOROUGH,52.5725769,-0.2427336
MACCLESFIELD,53.2606635,-2.1255158
WALSALL,52.5847949,-1.9822687
BECKENHAM,51.4070938,-0.0303183
NORTHOLT,51.5484582,-0.3695247
CORBRIDGE,54.9740218,-2.0175509
SLEAFORD,52.99965,-0.4095586
LUTON,51.891073,-0.4230304
HOVE,50.8286917,-0.1745744
ASHBY-DE-LA-ZOUCH,52.7471344,-1.4712148
CHALFONT ST. GILES,51.6321046,-0.5697912
BELPER,53.0229029,-1.4817414
HEREFORD,52.0553813,-2.7151735
CHIPPING NORTON,51.9382855,-1.5423957
DOVER,51.1251275,1.3134228
OLDHAM,53.5415797,-2.1147831
SOUTHWELL,53.0782513,-0.9550786
STREET,51.1267494,-2.7397217
MARGATE,51.3878174,1.3819699
ILFORD,51.5582734,0.0711669
FARNBOROUGH,51.2918693,-0.7539836
BOGNOR REGIS,50.7834973,-0.6730718
READING,51.4514953,-0.9836342
NEWPORT,51.5882332,-2.9974967
IPSWICH,52.0579324,1.1528095
CANVEY ISLAND,51.5241769,0.6084587
LEIGH-ON-SEA,51.5416283,0.6455104
BECCLES,52.4583779,1.5622924
SHEERNESS,51.4398236,0.7620398
HAVERHILL,52.0832721,0.4353932
WESTON-SUPER-MARE,51.3471927,-2.9778916
BEVERLEY,53.8425488,-0.4315677
BILLINGHAM,54.6072779,-1.2910885
PICKERING,54.2452377,-0.7793593
LEIGH,53.4960455,-2.5171495
MANSFIELD,53.1443785,-1.1964165
BRIGHTON,50.8214626,-0.1400561
SELBY,53.785097,-1.0990407
NUNEATON,52.5246182,-1.4684488
JARROW,54.9812514,-1.4908447
OXFORD,51.7520131,-1.2578499
TAMWORTH,52.6345819,-1.6948438
BROXBOURNE,51.7465723,-0.0190782
COBHAM,51.3300079,-0.4120821
BOOTLE,53.4506931,-2.9948834
SOUTHSEA,50.7888796,-1.0886623
GRAYS,51.4780898,0.3233131
MIDDLEWICH,53.1927371,-2.4453171
CLEATOR MOOR,54.5138663,-3.5071098
YEOVIL,50.9420451,-2.6318629
DONCASTER,53.5227681,-1.1335312
THORNTON-CLEVELEYS,53.8706463,-2.9999993
PUDSEY,53.796585,-1.6629008
FELIXSTOWE,51.9642959,1.3289938
BARRY,51.4065052,-3.2666925
SCARBOROUGH,54.2820009,-0.4011868
BUCKLEY,53.1702261,-3.0799874
HARROGATE,53.9921491,-1.5391039
COTTINGHAM,53.7804805,-0.4178553
LITTLEHAMPTON,50.8095801,-0.5424424
STOURBRIDGE,52.4577615,-2.1474345
NEWTON-LE-WILLOWS,53.4530667,-2.6263483
WARRINGTON,53.4018582,-2.5680224
BURGESS HILL,50.9575365,-0.1332853
ALTON,51.1489036,-0.9757677
TELFORD,52.6780532,-2.4514219
BALDOCK,51.9889973,-0.1882079
DUNSTABLE,51.8861316,-0.5209341
NEWBURY,51.4020243,-1.3242212
CHARD,50.8736728,-2.9597425
DIDCOT,51.6056908,-1.2467923
GRANTHAM,52.913192,-0.6438974
NEWMARKET,52.2443103,0.4065503
OXTED,51.2566507,-0.0041977
PORTHCAWL,51.4795563,-3.7040704
SEVENOAKS,51.2745218,0.1961166
CHELMSFORD,51.7345329,0.4730532
WALLASEY,53.4241208,-3.0394101
BUCKINGHAM,51.9983175,-0.9786725
BRENTWOOD,51.6201654,0.3018662
COLWYN BAY,53.2953269,-3.7262534
BOREHAMWOOD,51.6555295,-0.2764051
ADDLESTONE,51.3711193,-0.4895776
CARSHALTON,51.3657883,-0.1610857
BRACKLEY,52.0278975,-1.1484657
BROMLEY,51.4028046,0.0148142
DEWSBURY,53.6909103,-1.6302142
ILKLEY,53.9257254,-1.824441
NORTHALLERTON,54.3404812,-1.4344936
RADSTOCK,51.2919489,-2.4476231
BRIDGNORTH,52.5345626,-2.4194132
HEATHFIELD,50.9717443,0.2517025
WESTBURY,51.261079,-2.1836535
BANSTEAD,51.3238969,-0.1986813
KNOTTINGLEY,53.7092062,-1.238314
SHANKLIN,50.6288132,-1.1779031
EBBW VALE,51.7812925,-3.2084383
EASTBOURNE,50.7664372,0.2781546
BURY,52.2460367,0.7125173
SHREWSBURY,52.707755,-2.7540658
GREENFORD,51.5421177,-0.3447996
SMETHWICK,52.4968157,-1.9739174
STAINES,51.434012,-0.511044
HERNE BAY,51.3719507,1.1306951
PRESTATYN,53.3345598,-3.4029487
RUGELEY,52.7589402,-1.9362042
MORECAMBE,54.0721085,-2.8650938
BRIGHOUSE,53.7028049,-1.7800944
BRADFORD,53.7944229,-1.7519186
DORCHESTER,50.7132064,-2.4371229
HOUNSLOW,51.4686132,-0.3613471
MATLOCK,53.1374514,-1.5544694
THAME,51.7482733,-0.9781805
DERBY,52.9142235,-1.4719885
HUNTINGDON,52.3305093,-0.1843514
YARM,54.5091419,-1.3543412
CHESHAM,51.7052231,-0.611116
GUILDFORD,51.2356068,-0.5732063
MALDON,51.731198,0.6791849
RETFORD,53.3231315,-0.9424879
MABLETHORPE,53.3408271,0.2606772
TORQUAY,50.4652392,-3.5211361
KENDAL,54.3289795,-2.747183
CARLISLE,54.8948478,-2.9362311
BEAWORTHY,50.7553294,-4.169145
BUXTON,53.2593422,-1.9100768
WHITBY,54.4874141,-0.6155111
BURY ST EDMUNDS,52.2460367,0.7125173
TRURO,50.2633173,-5.0518107
REDRUTH,50.233989,-5.2276468
DARTMOUTH,50.3514839,-3.583844
VIRGINIA WATER,51.4033624,-0.5661711
ABERGELE,53.2840692,-3.5810655
RYE,50.9511871,0.7327667
STROUD,51.745424,-2.2198605
MALVERN,52.1159559,-2.3258985
BEXHILL-ON-SEA,50.8419553,0.4709063
MORETON-IN-MARSH,51.9906413,-1.7023018
WOTTON-UNDER-EDGE,51.6378241,-2.3547251
LUDLOW,52.3679896,-2.7193114
CARDIGAN,52.0839973,-4.6604224
LISKEARD,50.4546303,-4.4644227
RADLETT,51.6844228,-0.317677
SOUTH SHIELDS,54.9987414,-1.4321848
HENLEY-ON-THAMES,51.5375786,-0.9050287
COLEFORD,51.7938786,-2.6183238
WHITCHURCH,52.969273,-2.6839528
DISS,52.3769148,1.1088804
KILGETTY,51.7323317,-4.7145215
NEWARK,53.0736266,-0.8005422
HARLESTON,52.2024214,0.9465453
KIDDERMINSTER,52.3880787,-2.2478582
LEATHERHEAD,51.2955044,-0.32931
ST. ALBANS,51.753051,-0.3379675
EXETER,50.7256138,-3.5269209
HORNCHURCH,51.5617734,0.2207441
BILLINGSHURST,51.0151333,-0.4495061
BIDEFORD,51.0181448,-4.2064223
RICHMOND,51.4405529,-0.3076394
TEDDINGTON,51.4277844,-0.333653
HASTINGS,50.8553888,0.5824703
CORBY,52.4877341,-0.7032713
HERTFORD,51.7957409,-0.078521
LOUGHTON,51.6467058,0.0544098
BLYTH,55.1270903,-1.5099726
CRAWLEY,51.1103444,-0.1801094
WIGTON,54.8246802,-3.1610942
BROMSGROVE,52.3353816,-2.0597449
CHESTERFIELD,53.2352134,-1.4264097
CATERHAM,51.2822001,-0.077248
CHESTER LE STREET,54.8543237,-1.5750431
TIVERTON,50.9025623,-3.4875797
AYLESBURY,51.8161412,-0.8130383
BAMPTON,50.9908394,-3.4865109
BOLTON,53.5782863,-2.4300367
ST. HELENS,53.4535471,-2.7343231
LETCHWORTH GARDEN CITY,51.9803536,-0.2289056
FOLKESTONE,51.0791335,1.1794073
CHESTER,53.1908873,-2.8908955
BURRY PORT,51.6858178,-4.2502221
MAESTEG,51.6088841,-3.6583848
WEDNESBURY,52.5521806,-2.0224441
POOLE,50.7179472,-1.981521
TADLEY,51.3414473,-1.1446781
HEYWOOD,53.5967685,-2.2239715
CRICKHOWELL,51.859112,-3.138355
BRAINTREE,51.8780637,0.5537161
RIPON,54.1362169,-1.5238006
EDGWARE,51.6136623,-0.2749555
MOUNTAIN ASH,51.6821033,-3.3764418
BOURNE,52.7682345,-0.3771579
CLEETHORPES,53.5572068,-0.0289969
GOSPORT,50.7952074,-1.1210853
LONGFIELD,51.3962097,0.300103
RUSHDEN,52.2911567,-0.5988177
DAVENTRY,52.2578681,-1.1626569
RIPLEY,53.0515177,-1.4026311
ROSS-ON-WYE,51.9140804,-2.5838357
WADEBRIDGE,50.5171441,-4.8340186
BICESTER,51.8988832,-1.1518287
MELTON CONSTABLE,52.8485208,1.0223827
WITHAM,51.8019608,0.6383746
SANDBACH,53.1439168,-2.3622625
NEWENT,51.9236597,-2.3921182
BILLERICAY,51.6284395,0.4218142
WORKSOP,53.3042362,-1.1246168
OSSETT,53.6780539,-1.5765949
TUNBRIDGE WELLS,51.1371483,0.2673446
WHITLEY BAY,55.0422091,-1.4454353
YATELEY,51.3369967,-0.816597
ARUNDEL,50.8545383,-0.5648163
HENFIELD,50.9307373,-0.2749869
OLDBURY,52.5039074,-2.0163917
RHYL,53.3207425,-3.4907258
TROWBRIDGE,51.3161455,-2.2024323
BARROW-IN-FURNESS,54.1288796,-3.2269008
INGATESTONE,51.6670001,0.3842646
BORDON,51.1091184,-0.8593356
ABINGDON,51.6714842,-1.2779715
SCUNTHORPE,53.5922488,-0.6450841
HEANOR,53.0145821,-1.3574966
LYTHAM ST. ANNES,53.7485046,-2.9990745
WOOLACOMBE,51.1728168,-4.2051461
CLACTON-ON-SEA,51.7883997,1.1527865
BARNSLEY,53.5527719,-1.4827755
ABERAERON,52.2431766,-4.2600153
BLAENAU FFESTINIOG,52.9945942,-3.9379224
APPLEBY-IN-WESTMORLAND,54.5771885,-2.4893592
WEST BROMWICH,52.5186579,-1.9923114
RUGBY,52.3726682,-1.2620038
THETFORD,52.4156001,0.748712
LEOMINSTER,52.2273558,-2.7375333
HAYWARDS HEATH,50.9999616,-0.1049747
LANCING,50.8258666,-0.322551
PWLLHELI,52.8879082,-4.4187565
PENRITH,54.6639133,-2.7522047
BURY ST. EDMUNDS,52.2460367,0.7125173
TORPOINT,50.3755409,-4.2142532
HEXHAM,54.971478,-2.1017927
CULLOMPTON,50.8579128,-3.392809
ELLESMERE,52.9074234,-2.8938664
ALFRETON,53.0972537,-1.3900241
LUTTERWORTH,52.4552224,-1.1997815
CROYDON,51.3713049,-0.101957
CRADLEY HEATH,52.4694408,-2.0906252
CHATTERIS,52.4549017,0.0504338
DROITWICH,52.26851,-2.1486075
HITCHIN,51.9486943,-0.2779124
WATERLOOVILLE,50.8797911,-1.0314789
KNEBWORTH,51.8658893,-0.1844945
CAERPHILLY,51.6723809,-3.1783938
WIGSTON,52.586288,-1.1059076
NEW MILTON,50.7531006,-1.6550682
ORPINGTON,51.3796373,0.1053732
COWES,50.7633176,-1.2985186
ALTRINCHAM,53.3839662,-2.3525463
SUNBURY-ON-THAMES,51.4077066,-0.4118589
BOURNE END,51.5799463,-0.7120777
KIDLINGTON,51.823462,-1.2885317
SHEFFORD,52.0384063,-0.3355203
ENFIELD,51.6520851,-0.0810175
ST. NEOTS,52.22758,-0.2703789
SHIFNAL,52.6675866,-2.3729864
BURNHAM-ON-SEA,51.2377356,-2.998695
MINEHEAD,51.2057511,-3.4783542
WALTON-ON-THAMES,51.3856837,-0.419814
LEIGHTON BUZZARD,51.9165794,-0.6620551
DUDLEY,52.5110832,-2.0816813
HYTHE,51.0691421,1.0841634
SURBITON,51.3937557,-0.3033105
BEXLEYHEATH,51.4634854,0.1480552
HAILSHAM,50.8628229,0.2730609
ILKESTON,52.970845,-1.3091628
PRUDHOE,54.9544856,-1.8646841
SALTBURN-BY-THE-SEA,54.5846769,-0.9740921
THATCHAM,51.4024177,-1.257412
ROMNEY MARSH,51.1233554,0.8635886
BERKHAMSTED,51.7607271,-0.5652554
CHEADLE,53.3936441,-2.2122068
WANTAGE,51.5878072,-1.4249258
AMERSHAM,51.676685,-0.607692
PETERLEE,54.7618912,-1.3321519
GLOSSOP,53.4433552,-1.9499173
WIMBORNE,50.7945366,-1.9759592
CHESSINGTON,51.358336,-0.2986216
GRAVESEND,51.4424747,0.3694468
BENFLEET,51.5649501,0.555819
ACCRINGTON,53.7541156,-2.3655434
NEW MALDEN,51.4053347,-0.2634066
RICKMANSWORTH,51.6401841,-0.4734045
HORNCASTLE,53.2087265,-0.1169525
ELLESMERE PORT,53.2789347,-2.9022507
ROMFORD,51.5760462,0.1822646
COLNE,53.8567728,-2.1691238
SOUTHALL,51.5111461,-0.3755169
HAYES,51.5077154,-0.4181471
WORCESTER PARK,51.3785033,-0.2416597
MARKET DRAYTON,52.9045385,-2.491841
RAMSGATE,51.3334726,1.4196476
SHOREHAM-BY-SEA,50.8322307,-0.2746717
PERSHORE,52.1096993,-2.0754758
SKIPTON,53.9618497,-2.0160287
TONYPANDY,51.6246695,-3.4595279
WALLINGFORD,51.5982886,-1.1251402
SITTINGBOURNE,51.3397366,0.7342319
PRESCOT,53.4275807,-2.8042467
SOUTHPORT,53.6475988,-3.0041751
MITCHAM,51.4058006,-0.1640787
BRIGG,53.5525329,-0.4896411
SIDCUP,51.4264002,0.101044
HASSOCKS,50.924279,-0.1453346
STEYNING,50.8902203,-0.3302184
WARE,51.8103288,-0.0328751
WOKING,51.3201891,-0.5564726
LLANDEILO,51.8853935,-3.9925144
LLANDUDNO,53.322475,-3.8243251
WALLSEND,54.9911912,-1.5342042
HINCKLEY,52.5410591,-1.3729379
TRIMDON STATION,54.7231995,-1.4129231
IVYBRIDGE,50.3918419,-3.9177668
FROME,51.2294852,-2.3198467
BROADSTAIRS,51.3586758,1.4407855
ROMSEY,50.9891396,-1.4999044
NEWPORT PAGNELL,52.0863864,-0.7237341
WELLINGBOROUGH,52.30189,-0.6937309
WELLING,51.4622188,0.1122877
DRIFFIELD,54.0050199,-0.439109
SEAFORD,50.7782543,0.110676
HIGH WYCOMBE,51.6317449,-0.75596
PEWSEY,51.3393362,-1.7648308
AYLESFORD,51.3093091,0.4867332
COULSDON,51.3199716,-0.1393506
ALCESTER,52.2150202,-1.8695764
SAFFRON WALDEN,52.021569,0.2411256
STANFORD-LE-HOPE,51.5138172,0.4252037
EXMOUTH,50.6190962,-3.4146801
WELWYN GARDEN CITY,51.8031083,-0.2068872
WINCHESTER,51.0612766,-1.3131692
LICHFIELD,52.6843696,-1.8275286
FARNHAM,51.2151749,-0.7984854
SHIPLEY,53.8321814,-1.7779777
SANDHURST,51.3502991,-0.7872655
HENLEY-IN-ARDEN,52.290713,-1.780685
FAVERSHAM,51.3158434,0.8911283
SHEPPERTON,51.3939186,-0.448674
FALMOUTH,50.1552197,-5.0688262
GUNNISLAKE,50.5238826,-4.2161922
NESTON,53.2905172,-3.063792
TARPORLEY,53.1600059,-2.6736725
GLASTONBURY,51.14804,-2.716577
WYMONDHAM,52.5764773,1.117928
PORTLAND,50.5672516,-2.4472529
TIPTON,52.5290396,-2.0693747
BARNOLDSWICK,53.9170798,-2.187322
KINGSWINFORD,52.4967692,-2.1661721
LANCASTER,54.0484068,-2.7990345
LEYLAND,53.6904813,-2.6991336
TOWCESTER,52.132756,-0.9894811
NANTWICH,53.0671376,-2.5221184
IBSTOCK,52.6883907,-1.3987871
LLANFAIRPWLLGWYNGYLL,53.2218931,-4.2064976
COALVILLE,52.7257981,-1.3741375
ST. LEONARDS-ON-SEA,50.863815,0.5588537
BIRKENHEAD,53.3895177,-3.0248007
FELTHAM,51.4442232,-0.410659
WEYMOUTH,50.6096257,-2.4543424
NORMANTON,53.6991226,-1.4194401
EPSOM,51.3326098,-0.2678212
ROYSTON,52.0472741,-0.0246467
MERTHYR TYDFIL,51.7455659,-3.3786082
BILSTON,52.5700229,-2.0822333
DEAL,51.2239544,1.4027344
MARLBOROUGH,51.420633,-1.7251743
LEISTON,52.20648,1.5764329
NELSON,53.8363428,-2.2116469
COCKERMOUTH,54.6614392,-3.3590111
WALTHAM ABBEY,51.6892068,-0.0009449
WOKINGHAM,51.4570846,-0.886537
RYDE,50.7299865,-1.1603699
BINGLEY,53.8479533,-1.8384526
MIDDLESBROUGH,54.5760419,-1.2344047
CAMBERLEY,51.3392845,-0.7460981
IMMINGHAM,53.6159963,-0.2136727
WOODFORD GREEN,51.6085806,0.0212014
ALNWICK,55.4133398,-1.7072354
HARPENDEN,51.8145103,-0.3549311
PORT TALBOT,51.5952353,-3.7824148
BARTON-UPON-HUMBER,53.6858065,-0.4395216
BROMYARD,52.1884704,-2.5107318
SOUTHAM,52.253094,-1.3884119
CARTERTON,51.7592426,-1.5944418
SANDOWN,50.6530593,-1.1536287
CRANBROOK,51.0965459,0.5321089
HOLYWELL,53.2714061,-3.2212991
GOOLE,53.7035625,-0.8715949
SWANAGE,50.6086976,-1.9571971
DARTFORD,51.4443059,0.21807
NEWQUAY,50.4134414,-5.0848836
RUNCORN,53.3421509,-2.7334941
WEST WICKHAM,52.1173523,0.3553891
STOCKTON-ON-TEES,54.564094,-1.3129164
ASHINGTON,55.1832364,-1.57027
BISHOP AUCKLAND,54.6640762,-1.6752864
TEIGNMOUTH,50.5463385,-3.4957798
ASCOT,51.4101286,-0.6680194
NEATH,51.6628422,-3.8039117
BANGOR,53.2277163,-4.1268822
GUISBOROUGH,54.5359551,-1.051085
CHOPPINGTON,55.1486055,-1.6015702
BARNET,51.65309,-0.2002261
ORMSKIRK,53.5673603,-2.8859603
BERWICK-UPON-TWEED,55.7692442,-2.0026472
ERITH,51.480819,0.1792322
BOSTON,52.9776561,-0.0237985
EAST MOLESEY,51.399102,-0.3571356
ILFRACOMBE,51.2076674,-4.1254662
MIRFIELD,53.673216,-1.6946052
FRODSHAM,53.2963636,-2.7114845
SALFORD,53.4877463,-2.2891921
TADWORTH,51.2912247,-0.2326709
LEWES,50.8746139,0.0051153
NEWHAVEN,55.9803295,-3.1948191
WINCHELSEA,50.9243896,0.7086362
MELKSHAM,51.3759342,-2.1314633
MOLD,53.1666274,-3.1414228
SOUTH OCKENDON,51.5093771,0.2827942
PENARTH,51.4357312,-3.175096
POTTERS BAR,51.6958889,-0.1848935
STAMFORD,52.6519973,-0.4804579
FERNDALE,51.6604343,-3.447014
ROWLANDS GILL,54.9220987,-1.7503658
BLAYDON-ON-TYNE,54.9646163,-1.7115301
STOWMARKET,52.1878147,0.9973428
CRAMLINGTON,55.0855893,-1.59069
PAR,50.3494152,-4.7050945
STANSTED,51.8869652,0.2441929
EASTLEIGH,50.9691736,-1.3517331
FRESHWATER,50.6814402,-1.5231372
ROCHFORD,51.5838691,0.7056174
ATHERSTONE,52.5772439,-1.5433954
SHEPTON MALLET,51.1909451,-2.5461298
HAYLING ISLAND,50.805649,-0.9800545
ESHER,51.3693938,-0.365415
WALLINGTON,51.357945,-0.1495621
WARMINSTER,51.2150766,-2.1721664
SKELMERSDALE,53.5524745,-2.7845229
TENTERDEN,51.0637215,0.6991989
DAWLISH,50.5797391,-3.468931
MARKET HARBOROUGH,52.4777114,-0.9208575
PONTEFRACT,53.6917422,-1.3105722
EVESHAM,52.0940158,-1.9483083
AMMANFORD,51.7955509,-3.996828
TILBURY,51.4631174,0.3643896
PINNER,51.5968712,-0.3770142
WINDSOR,51.4837886,-0.6040419
STURMINSTER NEWTON,50.9290016,-2.3263949
ABERGAVENNY,51.8213212,-3.0147935
FLEET,51.2828601,-0.8316334
HORLEY,51.1716895,-0.1640754
REDHILL,51.2404691,-0.1682816
HORNSEA,53.9134596,-0.1689412
MALPAS,53.021809,-2.7651595
FERNDOWN,50.8022391,-1.8905903
CRANLEIGH,51.1407587,-0.4865787
NORTHWOOD,51.6051713,-0.4205812
LYME REGIS,50.7252897,-2.934559
SHERBORNE,50.950265,-2.5179235
EDENBRIDGE,51.1958271,0.0639341
LYMM,53.3811782,-2.4764512
MUCH WENLOCK,52.5955951,-2.5578451
FERRYHILL,54.6878678,-1.551036
STANLEY,54.8722855,-1.6963315
CROWBOROUGH,51.0590028,0.1635863
GREENHITHE,51.4507436,0.2817634
BASINGSTOKE,51.262826,-1.0861976
WEST DRAYTON,51.503513,-0.4662704
ASHTON-UNDER-LYNE,53.4865407,-2.098691
SALE,53.4244939,-2.318415
CLEVEDON,51.4360625,-2.8526531
FLEETWOOD,53.9219585,-3.0327286
FARINGDON,51.654272,-1.5864251
MELTON MOWBRAY,52.7645663,-0.8868896
EYE,52.3226292,1.1463709
OTLEY,53.9055083,-1.6938874
NORTHWICH,53.2602539,-2.5145104
BEDLINGTON,55.1323903,-1.5980826
HAMPTON,51.4150272,-0.3691409
THORNTON HEATH,51.39911,-0.0986059
DULVERTON,51.0401391,-3.5501607
STALYBRIDGE,53.4840214,-2.0562536
HEBDEN BRIDGE,53.7406425,-2.0092336
BATLEY,53.716564,-1.6363856
CALNE,51.4388908,-2.0010978
LOOE,50.3522702,-4.454196
WORKINGTON,54.6415716,-3.5459287
WITHERNSEA,53.7309927,0.0271753
CHORLEY,53.6531915,-2.6294313
WILLENHALL,52.5847624,-2.0534738
WESTCLIFF-ON-SEA,51.5428858,0.6859213
MILFORD HAVEN,51.7117492,-5.0293161
BURNHAM-ON-CROUCH,51.6355223,0.8459361
BRAUNTON,51.1072481,-4.1753229
OTTERY ST. MARY,50.7465954,-3.2724332
TREORCHY,51.6610568,-3.5041501
PULBOROUGH,50.9575636,-0.5097654
PEACEHAVEN,50.7969519,0.0068955
MALTON,54.1392092,-0.799531
SOUTH PETHERTON,50.9487901,-2.8091473
TENBY,51.6726128,-4.7050443
TETBURY,51.639272,-2.1594783
CARMARTHEN,51.8591257,-4.3115907
WAREHAM,50.6868972,-2.1098377
ALRESFORD,51.0895586,-1.1629772
ROSSENDALE,53.6848806,-2.2614398
HAYLE,50.1871402,-5.4178169
CREDITON,50.7895868,-3.658963
DEREHAM,52.6802052,0.9386329
KENLEY,51.3227524,-0.1037854
NEWTON AYCLIFFE,54.6218534,-1.5663624
KENILWORTH,52.3450526,-1.5816028
BACUP,53.7024932,-2.201046
EAST BOLDON,54.946345,-1.4201545
LEEK,53.1057636,-2.0242837
CASTLEFORD,53.7262305,-1.3517218
CHRISTCHURCH,50.7650923,-1.8145023
HARWICH,51.9445801,1.2898522
BROSELEY,52.6133558,-2.4827324
CAERNARFON,53.1394364,-4.2769751
TOTNES,50.4322816,-3.6871525
LLANDYSUL,52.0427864,-4.311766
KNUTSFORD,53.3025402,-2.3716001
BUDE,50.8285252,-4.5469361
ABBOTS LANGLEY,51.7066382,-0.4178071
PORTH,51.6124972,-3.4084092
GREAT MISSENDEN,51.7046508,-0.7086592
PAIGNTON,50.4377018,-3.5632704
BIRCHINGTON,51.3738758,1.3070658
KINGSTON UPON THAMES,51.4096275,-0.3062621
HINDHEAD,51.1132995,-0.7332662
SANDY,52.1292288,-0.2884193
RINGWOOD,50.8292623,-1.7711281
USK,51.7045076,-2.9026437
DRYBROOK,51.8498096,-2.5156453
WHYTELEAFE,51.3101495,-0.0795445
ETCHINGHAM,51.0148669,0.4335429
WEST MALLING,51.2954028,0.409461
CIRENCESTER,51.7171029,-1.9661616
LOWESTOFT,52.4766308,1.7537638
SPILSBY,53.1731896,0.0971228
UCKFIELD,50.9705836,0.0930414
SALTASH,50.4086702,-4.2112226
HATFIELD,51.7634675,-0.2258741
CLECKHEATON,53.7264346,-1.7140939
EGHAM,51.4312585,-0.5473085
LLANELLI,51.6797331,-4.1620223
ROBERTSBRIDGE,50.9856399,0.4744523
BARKING,51.5402677,0.0793235
LIPHOOK,51.0717506,-0.8002983
HENLOW,52.0323139,-0.2892463
GERRARDS CROSS,51.5878131,-0.5537126
NEWNHAM,51.2790688,0.7937117
IVER,51.5192944,-0.5063705
PONTYPRIDD,51.6001047,-3.3449362
CWMBRAN,51.6536438,-3.0208217
LYNDHURST,50.8727657,-1.5748436
LYDNEY,51.7259292,-2.5313485
HOLYHEAD,53.3106715,-4.6330966
BERKELEY,51.6913643,-2.4585247
ARLESEY,52.0076781,-0.2617753
HIGH PEAK,50.6661889,-3.2699754
DRONFIELD,53.3019998,-1.4752184
GODALMING,51.1857892,-0.6149074
SUTTON-IN-ASHFIELD,53.1252091,-1.2608279
ULVERSTON,54.190426,-3.0838997
NORTH WALSHAM,52.8213308,1.3861979
WEST MOLESEY,51.4047705,-0.3641342
PRENTON,53.3645138,-3.0507757
WEYBRIDGE,51.3727175,-0.4549297
MARLOW,51.5718706,-0.7769654
RUTHIN,53.1115513,-3.3052405
HASLEMERE,51.0876062,-0.7097768
DUKINFIELD,53.4757748,-2.0930306
BOLDON COLLIERY,54.9501682,-1.4652557
POULTON-LE-FYLDE,53.8461465,-2.9904844
CORSHAM,51.4268594,-2.1846229
PURFLEET,51.4810858,0.2369945
GODSTONE,51.221863,-0.0565382
STANMORE,51.6188526,-0.3026271
STOURPORT-ON-SEVERN,52.339638,-2.2811646
ELLAND,53.6856201,-1.83828
BRIDPORT,50.733785,-2.7589005
HOCKLEY,51.6036509,0.6591006
RAYLEIGH,51.5884892,0.6012418
MARTOCK,50.9710694,-2.766543
NEWBIGGIN-BY-THE-SEA,55.1853665,-1.5109345
WALTHAM CROSS,51.6857829,-0.0330001
MILLOM,54.2106855,-3.2719019
ST. COLUMB,50.4243361,-5.0235248
BRIDLINGTON,54.082242,-0.1908647
HODDESDON,51.7616709,-0.0112898
BEXLEY,51.4416793,0.150488
HIGHBRIDGE,51.2200079,-2.9764141
TONBRIDGE,51.1955494,0.2750712
BUNTINGFORD,51.9464245,-0.0086957
MARYPORT,54.705546,-3.4909949
HECKMONDWIKE,53.7074371,-1.6754499
WELSHPOOL,52.6600742,-3.1474212
RAINHAM,51.3633052,0.6083609
HOOK,51.3678984,-0.3071453
BARROW-UPON-HUMBER,53.6732961,-0.380954
LEDBURY,52.0357457,-2.4287821
FORDINGBRIDGE,50.926829,-1.7917011
BURNTWOOD,52.6791667,-1.9154621
SHAFTESBURY,51.0056195,-2.1955975
PONTYCLUN,51.5251887,-3.3901536
CAMBORNE,50.2138828,-5.2990347
CHURCH STRETTON,52.5390725,-2.8077658
MORPETH,55.1675437,-1.6907444
CROWTHORNE,51.3708551,-0.7950262
GAINSBOROUGH,53.3995376,-0.7758801
UTTOXETER,52.8980321,-1.8649214
TRING,51.7940357,-0.6609205
KESWICK,54.6009812,-3.1375822
TAVISTOCK,50.5496154,-4.1446358
HINTON ST. GEORGE,50.9085189,-2.8284914
WINGATE,54.7309409,-1.3810305
BROUGH,54.5266327,-2.3179826
FRINTON-ON-SEA,51.8293064,1.2462138
GRANGE-OVER-SANDS,54.1930633,-2.9094791
STOCKSFIELD,54.946811,-1.9171893
BUCKHURST HILL,51.6259439,0.0468161
PENMAENMAWR,53.2681395,-3.9200268
ST. AUSTELL,50.338466,-4.7882104
WARLINGHAM,51.309559,-0.0557157
BAGILLT,53.2640966,-3.1676296
MALMESBURY,51.58447,-2.0982042
LLANGOLLEN,52.9694033,-3.1711111
CHIGWELL,51.6176444,0.0757204
TREDEGAR,51.7732557,-3.2469535
CHISLEHURST,51.4115718,0.0769545
WINSFORD,53.1920711,-2.5313108
KNARESBOROUGH,54.0099825,-1.462186
CRAVEN ARMS,52.439652,-2.8356405
BROADSTONE,50.7641346,-1.9950726
CALLINGTON,50.5048299,-4.3055442
WESTERHAM,51.2568172,0.0730318
BLANDFORD FORUM,50.8652479,-2.1571169
BRADFORD-ON-AVON,51.346715,-2.2504329
CROOK,54.3469831,-2.8262919
ONGAR,51.7059503,0.2453417
NARBERTH,51.805779,-4.7413758
ABERDARE,51.713353,-3.445555
SEASCALE,54.398941,-3.4771675
BRAMPTON,54.9422402,-2.7344533
PENRHYNDEUDRAETH,52.9287529,-4.0644936
YARMOUTH,52.6071742,1.7314845
LLANTWIT MAJOR,51.4083212,-3.4857779
SOUTHMINSTER,51.6553566,0.8453262
ILMINSTER,50.9267192,-2.9102756
PURLEY,51.3388112,-0.1158589
HALTWHISTLE,54.9705304,-2.4582171
ASHTEAD,51.3055227,-0.3071682
FAIRFORD,51.7107733,-1.782001
BECKERMET,54.4364407,-3.5166926
MARKFIELD,52.6906353,-1.2858171
BUNGAY,52.4562248,1.4373413
WHITEHAVEN,54.5474199,-3.5885335
CAMELFORD,50.6181658,-4.6935756
KIDWELLY,51.7363873,-4.3062309
KINGSBRIDGE,50.2848555,-3.7789738
MORDEN,51.4027615,-0.1947552
LITTLEBOROUGH,53.6410537,-2.0914019
TENBURY WELLS,52.3085197,-2.5974349
SOWERBY BRIDGE,53.7097606,-1.9088241
SEATON,50.7045566,-3.0705105
TADCASTER,53.8852975,-1.2595975
WINDERMERE,54.3794828,-2.9061994
TEWKESBURY,51.9937857,-2.1549574
CINDERFORD,51.8244586,-2.4984934
SETTLE,54.0690631,-2.2763604
HOLSWORTHY,50.8123783,-4.3526341
BEMBRIDGE,50.6887044,-1.0849341
RYTON,54.9728332,-1.762692
SNODLAND,51.3349191,0.432657
BEWDLEY,52.3754763,-2.3162408
BROADWAY,52.0353825,-1.8618609
HALESWORTH,52.3418147,1.5001649
LEE-ON-THE-SOLENT,50.8028983,-1.2013355
WINKLEIGH,50.8562746,-3.9450791
STOCKBRIDGE,51.1140854,-1.4929702
DELABOLE,50.6233563,-4.7323369
WALTON ON THE NAZE,51.848357,1.2725902
HOLT,52.9054382,1.0928322
SHERINGHAM,52.9438831,1.21262
LIVERSEDGE,53.7125328,-1.6942603
WESTGATE-ON-SEA,51.3815773,1.3372108
BRANDON,52.4482313,0.6240803
OLNEY,52.1648634,-0.7075558
DALTON-IN-FURNESS,54.1576246,-3.1794018
BRENTFORD,51.4863958,-0.3216623
ST. ASAPH,53.2575614,-3.4438607
LLANWRDA,51.9680804,-3.8752983
LLANFAIRFECHAN,53.2531977,-3.9750615
AMBLESIDE,54.431954,-2.9630528
KINGS LANGLEY,51.7135573,-0.4503027
ROWLEY REGIS,52.4833326,-2.0674067
PENRYN,50.1685457,-5.1034063
KESTON,51.3609685,0.0290762
BELVEDERE,51.4922273,0.1533667
TODMORDEN,53.7137251,-2.097753
SPENNYMOOR,54.699551,-1.601153
SEAHAM,54.8372106,-1.3355612
LIFTON,50.6429503,-4.2988119
BUILTH WELLS,52.1493287,-3.4058015
LEYBURN,54.3098083,-1.8295708
LLANIDLOES,52.4482359,-3.5410891
AXMINSTER,50.7820966,-2.9979915
MAYFIELD,55.9342921,-3.1739627
EGREMONT,54.4838316,-3.5327921
TORRINGTON,50.9571784,-4.1654137
SHILDON,54.6351323,-1.64795
ST. BEES,54.49437,-3.5912461
MANNINGTREE,51.9450866,1.0630218
SWANLEY,51.397509,0.1802263
MONMOUTH,51.8098882,-2.7160441
Y FELINHELI,53.1850692,-4.2057931
NEWTOWN,52.5135785,-3.314371
BAGSHOT,51.3611644,-0.6922638
SEAVIEW,54.6241071,-5.9218666
LLANDUDNO JUNCTION,53.2871333,-3.8105036
TALYBONT,52.7729002,-4.0970877
ASHBOURNE,53.0173327,-1.7342725
VERWOOD,50.8801244,-1.8752368
THAMES DITTON,51.389182,-0.3290769
BATTLE,50.9265004,0.4757177
ST. AGNES,50.295135,-5.2009211
MEXBOROUGH,53.4937085,-1.2910027
PENTRE,51.6553596,-3.4905245
BURES,51.9711466,0.7763495
HUNGERFORD,51.4126079,-1.5167069
FLINT,53.2492828,-3.1345262
SANDWICH,51.2752527,1.3408309
LISS,51.0415389,-0.899455
PEVENSEY,50.8318123,0.3415459
ALFORD,53.2591409,0.1777346
BEAMINSTER,50.8090326,-2.739159
MILNTHORPE,54.2293527,-2.7751769
WELLS,51.2094511,-2.6451203
ALDEBURGH,52.1523814,1.6015691
WATLINGTON,51.6451586,-1.0043458
GAERWEN,53.2234878,-4.2733853
FRIZINGTON,54.539383,-3.4937716
WEDMORE,51.2255001,-2.8114392
FAIRBOURNE,52.6970513,-4.0511181
SAXMUNDHAM,52.2142535,1.4918009
HARLECH,52.8587665,-4.10745
AMLWCH,53.4090317,-4.342649
LECHLADE,51.6944942,-1.6922057
BARGOED,51.6911236,-3.2290284
WADHURST,51.0615673,0.3117356
MONTGOMERY,52.562033,-3.1474836
ABERDOVEY,52.5443486,-4.0563163
BUCKNELL,51.9259934,-1.1873725
SOUTH BRENT,50.4427744,-3.847493
SWAFFHAM,52.6481171,0.6909259
PETWORTH,50.9862857,-0.6101088
CATTERICK GARRISON,54.3735411,-1.7208472
PADSTOW,50.5403819,-4.9369874
ATTLEBOROUGH,52.5179648,1.0105931
NORTH FERRIBY,53.719226,-0.5051595
TYWYN,52.5861123,-4.0855906
CAERSWS,52.5166912,-3.4287751
BEAUMARIS,53.2648344,-4.0897597
NORTH TAWTON,50.7982054,-3.8841822
LANGPORT,51.0375727,-2.8280084
CONGLETON,53.1635322,-2.2108035
FAKENHAM,52.829919,0.8477322
FILEY,54.2096884,-0.2888382
COWBRIDGE,51.4616852,-3.4472705
LOSTWITHIEL,50.407478,-4.6678178
CEMAES BAY,53.4127209,-4.4537724
TYN-Y-GONGL,53.319331,-4.2390787
ISLES OF SCILLY,49.9203409,-6.2928791
FOREST ROW,51.1030703,0.0422749
CASTLE CARY,51.0785623,-2.5313643
TREHARRIS,51.6649488,-3.3058374
SEDBERGH,54.3460068,-2.483718
HOPE VALLEY,52.6014739,-2.9791733
ALSTON,54.8124898,-2.4409724
SOUTHWOLD,52.3260841,1.6793095
GOODWICK,52.004437,-4.9960186
LINGFIELD,51.1755764,-0.0101733
SOMERTON,51.06161,-2.7548573
MONTACUTE,50.9491721,-2.7155717
WINCANTON,51.0560417,-2.4112309
BARNARD CASTLE,54.5448091,-1.924642
ALDERLEY EDGE,53.3058355,-2.2375778
EMSWORTH,50.8473211,-0.9371343
WYLAM,54.9808661,-1.819597
FISHGUARD,51.9938353,-4.97681
TINTAGEL,50.6642063,-4.7526181
CHEDDAR,51.2753365,-2.7766545
SWANSCOMBE,51.4436966,0.3065743
CHIPPING CAMPDEN,52.0496652,-1.7813927
BORTH,52.4880991,-4.0508057
CONWY,53.1460931,-3.7599202
LLANGAMMARCH WELLS,52.113637,-3.5556209
TOTLAND BAY,50.6827945,-1.5547713
WOODSTOCK,51.8474887,-1.3545343
DURSLEY,51.6813885,-2.3531863
WALSINGHAM,52.8942426,0.8734457
TIDWORTH,51.2373025,-1.661548
KIRKBY STEPHEN,54.4734508,-2.3485894
BETWS-Y-COED,53.094237,-3.8251255
LLANON,52.0235984,-2.9977878
STUDLEY,52.2691194,-1.8958966
KINGTON,52.2029156,-3.028878
DOWNHAM MARKET,52.6025943,0.3772655
BURFORD,51.8081927,-1.6358183
LLANERCHYMEDD,53.3298342,-4.3789943
SAUNDERSFOOT,51.7108868,-4.6997977
TEMPLECOMBE,51.0015571,-2.4153071
UMBERLEIGH,50.9958955,-3.9847873
BALA,52.9112205,-3.59947
BOW STREET,52.4418573,-4.0286355
DENBIGH,53.1853776,-3.4178289
LLANBEDR,52.8351512,-4.0317806
PORTHMADOG,52.9256029,-4.129694
CHULMLEIGH,50.928021,-3.8434885
BARMOUTH,52.7210389,-4.0535692
DOLGELLAU,52.7426873,-3.8855673
PRINCES RISBOROUGH,51.7221664,-0.8337605
LONGHOPE,58.7987794,-3.2037988
RUARDEAN,51.8524055,-2.5558932
BROCKENHURST,50.8192273,-1.5780214
CORWEN,52.9804731,-3.3731677
PEMBROKE,51.6754422,-4.9144858
BUCKFASTLEIGH,50.4794757,-3.7775431
NEW QUAY,52.2140026,-4.3603208
BETCHWORTH,51.247941,-0.2674721
COLYTON,50.7405628,-3.0701242
LYNTON,51.2294185,-3.8365118
WOOLER,55.5458505,-2.0147556
LLANGEFNI,53.2560986,-4.3114568
DYMOCK,51.9881486,-2.4165381
ASKAM-IN-FURNESS,54.1887065,-3.2039446
DINAS POWYS,51.4334895,-3.213502
CHATHILL,55.5367261,-1.7066521
LIGHTWATER,51.3494743,-0.6701098
BAKEWELL,53.2148429,-1.6758613
WOODHALL SPA,53.146689,-0.2189457
CRYMYCH,51.9747248,-4.6465166
BROUGHTON-IN-FURNESS,54.2776901,-3.2113968
LLANYBYDDER,52.0735984,-4.1548796
BLAKENEY,52.9537356,1.0131554
LYDBURY NORTH,52.4689335,-2.9546602
QUEENBOROUGH,51.4159485,0.7497742
BOSCASTLE,50.6895365,-4.692369
NEW ROMNEY,50.9851198,0.9426566
CLARBESTON ROAD,51.851741,-4.8821559
BODORGAN,53.1881135,-4.4187527
KNIGHTON,52.3443502,-3.0495618
MOOR ROW,54.5144682,-3.5376888
LYNMOUTH,51.229864,-3.8290651
MARAZION,50.1279263,-5.4663113
WHITLAND,51.8179001,-4.60975
PURFLEET-ON-THAMES,51.4816756,0.2395499
BRYNTEG,53.0650269,-3.0369263
ST AUSTELL,50.338466,-4.7882104
MERRIOTT,50.9078032,-2.7963984
DOLWYDDELAN,53.0515703,-3.8845507
BELFORD,55.5969314,-1.8305795
DYFFRYN ARDUDWY,52.7773417,-4.0720847
BARNETBY,53.5750127,-0.4097613
CLEATOR,54.5069598,-3.5226006
LLANRHYSTUD,52.3056381,-4.1450371
ST IVES,50.2149064,-5.4795083
LLANGADOG,51.9379682,-3.8837633
NEWCASTLE EMLYN,52.039014,-4.4689141
LYTHAM ST ANNES,53.7485046,-2.9990745
ST AGNES,50.295135,-5.2009211
BONCATH,52.0137859,-4.6164503
FERRYSIDE,51.7671929,-4.3685183
PERRANPORTH,50.3444208,-5.153844
MUCH HADHAM,51.846576,0.0708301
BADMINTON,51.5442374,-2.2854442
NEW TREDEGAR,51.7204263,-3.2406817
LLANDINAM,52.4856968,-3.4366028
CONISTON,54.3689253,-3.0755427
YSTRAD MEURIG,52.2914581,-3.9034974
SEAHOUSES,55.5817163,-1.6536511
BISHOPS CASTLE,52.4936325,-2.9979204
ST ALBANS,51.753051,-0.3379675
SALCOMBE,50.2388158,-3.7726121
CORNHILL-ON-TWEED,55.6576616,-2.1891884
RHOSGOCH,53.3761348,-4.3952794
TREGARON,52.2200293,-3.9342811
HOLMROOK,54.3835656,-3.4233817
BRUTON,51.1121638,-2.453328
CRICCIETH,52.9206106,-4.2332414
ULCEBY,53.6193448,-0.3008051
TY CROES,53.2225426,-4.4739623
MOELFRE,53.3552,-4.2689129
PRESTEIGNE,52.2926561,-3.0305278
GLOGUE,51.9620763,-4.5973979
MEIFOD,52.7092881,-3.2531363
CALSTOCK,50.5168598,-4.2397342
PENCADER,52.0001337,-4.2685111
TALSARNAU,52.9028694,-4.0646824
MITCHELDEAN,51.8631388,-2.4923773
LLANARTH,52.1948092,-4.3087328
LLANNERCH-Y-MEDD,53.3275381,-4.3951724
HAWES,54.3041258,-2.1965261
RIDING MILL,54.9489331,-1.9719541
PENTRAETH,53.2816608,-4.2145365
WARLEY,53.7199311,-1.9151607
RHOSNEIGR,53.2262292,-4.5203608
ROWLAND'S CASTLE,50.8888694,-0.9602576
DULAS,53.3821959,-4.2897573
LLANWRTYD WELLS,52.1044825,-3.6386676
LLANSANTFFRAID,52.2839777,-4.1832624
CLYNDERWEN,51.8416442,-4.7291822
TREFRIW,53.1460016,-3.8524919
BAMBURGH,55.6074722,-1.7141346
HARTFIELD,51.095785,0.0914338
ST ASAPH,53.2575614,-3.4438607
LLANBEDRGOCH,53.2998434,-4.2358172
PENYSARN,53.3879006,-4.3160078
LLWYNGWRIL,52.6654327,-4.0825253
KIRKBY-IN-FURNESS,54.2329033,-3.1872166
WESTBURY-ON-SEVERN,51.8282862,-2.4030911
LLANFYLLIN,52.7669146,-3.2717467
RAVENGLASS,54.3539158,-3.4101663
LLANBRYNMAIR,52.6126251,-3.6277309
PORT ISAAC,50.5938787,-4.8299895
ST COLUMB,50.4243361,-5.0235248
MARIANGLAS,,
LLANFECHAIN,52.7748064,-3.2020552
STAINES-UPON-THAMES,51.434012,-0.511044
CHALFONT ST GILES,51.6321046,-0.5697912
LLANFYRNACH,51.9507458,-4.5885628
ST HELENS,53.4535471,-2.7343231
LLANRHYSTYD,52.3056381,-4.1450371
GARNDOLBENMAEN,52.9727997,-4.2398802
ST BEES,54.49437,-3.5912461
ARTHOG,52.7116535,-4.0077788
NEWCASTLETON,55.1796383,-2.8127011
LLANSANFFRAID,52.2839777,-4.1832624
MINDRUM,55.5900511,-2.25263
HINTON ST GEORGE,50.9085189,-2.8284914
PORT DINORWIC,53.1856811,-4.2060574
GRETNA,54.9953097,-3.0669404
KELSO,55.5983788,-2.4338366
THORNHILL,55.2406579,-3.7649206
BILLINGHURST,51.1215941,-0.543263
GATWICK,51.1970901,-0.6943123
BIGGAR,55.6244917,-3.5215795
